schema_version,strategy_id,cost_mode,subset,trials,accepted_exact_coverage,coverage,conditional_risk,silent_wrong_rate,median_latency_sec,p95_latency_sec,p99_latency_sec,median_cold_latency_sec,mean_methods_invoked,mean_persistent_bytes,mean_transient_bytes,mean_materialization_time_sec
oracle-portfolio-v0.1,CASCADE:MAP_D512_FAST->MAP_D1024_FAST->MAP_D1024_ROBUST->BCF_NATIVE,PREMATERIALIZED_ALL_VIEWS,FINAL_ALL,256,1.0,1.0,0.0,0.0,0.06117025000276044,0.46003497508354485,0.5771758800488891,0.06117025000276044,2.6328125,806436,12681,0.0
oracle-portfolio-v0.1,CASCADE:MAP_D512_FAST->MAP_D1024_FAST->MAP_D1024_ROBUST->BCF_NATIVE,PREMATERIALIZED_ALL_VIEWS,FINAL_NON_EASY,192,1.0,1.0,0.0,0.0,0.10245645005488768,0.47877781490678883,0.6066771030286329,0.10245645005488768,3.140625,993168,12772,0.0
oracle-portfolio-v0.1,CASCADE:MAP_D512_FAST->MAP_D1024_FAST->MAP_D1024_ROBUST->BCF_NATIVE,PREMATERIALIZED_ALL_VIEWS,u1_easy_anchor,64,1.0,1.0,0.0,0.0,0.0033816000213846564,0.009490045037819072,0.026034559053368777,0.0033816000213846564,1.109375,246240,12408,0.0
oracle-portfolio-v0.1,CASCADE:MAP_D512_FAST->MAP_D1024_FAST->MAP_D1024_ROBUST->BCF_NATIVE,PREMATERIALIZED_ALL_VIEWS,u1_boundary_1,64,1.0,1.0,0.0,0.0,0.014877450070343912,0.08783526531769895,0.14580650803633002,0.014877450070343912,2.296875,541728,12552,0.0
oracle-portfolio-v0.1,CASCADE:MAP_D512_FAST->MAP_D1024_FAST->MAP_D1024_ROBUST->BCF_NATIVE,PREMATERIALIZED_ALL_VIEWS,u1_boundary_2,64,1.0,1.0,0.0,0.0,0.09949119994416833,0.21188110982766362,0.3027153718215412,0.09949119994416833,3.125,763344,12660,0.0
oracle-portfolio-v0.1,CASCADE:MAP_D512_FAST->MAP_D1024_FAST->MAP_D1024_ROBUST->BCF_NATIVE,PREMATERIALIZED_ALL_VIEWS,u1_separation_anchor,64,1.0,1.0,0.0,0.0,0.3071851499262266,0.553724670066731,0.6484424870461225,0.3071851499262266,4,1674432,13104,0.0
oracle-portfolio-v0.1,CASCADE:MAP_D512_FAST->MAP_D1024_FAST->MAP_D1024_ROBUST->BCF_NATIVE,LAZY_FALLBACK_VIEW,FINAL_ALL,256,1.0,1.0,0.0,0.0,0.06117025000276044,0.46003497508354485,0.5771758800488891,0.06476269994163886,2.6328125,806436,12681,0.01213051015020028
oracle-portfolio-v0.1,CASCADE:MAP_D512_FAST->MAP_D1024_FAST->MAP_D1024_ROBUST->BCF_NATIVE,LAZY_FALLBACK_VIEW,FINAL_NON_EASY,192,1.0,1.0,0.0,0.0,0.10245645005488768,0.47877781490678883,0.6066771030286329,0.1118734500487335,3.140625,993168,12772,0.015783780201672926
oracle-portfolio-v0.1,CASCADE:MAP_D512_FAST->MAP_D1024_FAST->MAP_D1024_ROBUST->BCF_NATIVE,LAZY_FALLBACK_VIEW,u1_easy_anchor,64,1.0,1.0,0.0,0.0,0.0033816000213846564,0.009490045037819072,0.026034559053368777,0.004330299969296902,1.109375,246240,12408,0.0011706999957823427
oracle-portfolio-v0.1,CASCADE:MAP_D512_FAST->MAP_D1024_FAST->MAP_D1024_ROBUST->BCF_NATIVE,LAZY_FALLBACK_VIEW,u1_boundary_1,64,1.0,1.0,0.0,0.0,0.014877450070343912,0.08783526531769895,0.14580650803633002,0.01838670007418841,2.296875,541728,12552,0.004208948437735671
oracle-portfolio-v0.1,CASCADE:MAP_D512_FAST->MAP_D1024_FAST->MAP_D1024_ROBUST->BCF_NATIVE,LAZY_FALLBACK_VIEW,u1_boundary_2,64,1.0,1.0,0.0,0.0,0.09949119994416833,0.21188110982766362,0.3027153718215412,0.10407844983274117,3.125,763344,12660,0.009120990622250247
oracle-portfolio-v0.1,CASCADE:MAP_D512_FAST->MAP_D1024_FAST->MAP_D1024_ROBUST->BCF_NATIVE,LAZY_FALLBACK_VIEW,u1_separation_anchor,64,1.0,1.0,0.0,0.0,0.3071851499262266,0.553724670066731,0.6484424870461225,0.3393158998223953,4,1674432,13104,0.03402140154503286
oracle-portfolio-v0.1,CASCADE:MAP_D512_FAST->MAP_D1024_FAST->BCF_NATIVE->MAP_D1024_ROBUST,PREMATERIALIZED_ALL_VIEWS,FINAL_ALL,256,1.0,1.0,0.0,0.0,0.04055644979234785,0.2786777000874281,0.4426505400333548,0.04055644979234785,2.2734375,806436,12681,0.0
oracle-portfolio-v0.1,CASCADE:MAP_D512_FAST->MAP_D1024_FAST->BCF_NATIVE->MAP_D1024_ROBUST,PREMATERIALIZED_ALL_VIEWS,FINAL_NON_EASY,192,1.0,1.0,0.0,0.0,0.05487395013915375,0.33125446001649805,0.4706191730347928,0.05487395013915375,2.6614583333333335,993168,12772,0.0
oracle-portfolio-v0.1,CASCADE:MAP_D512_FAST->MAP_D1024_FAST->BCF_NATIVE->MAP_D1024_ROBUST,PREMATERIALIZED_ALL_VIEWS,u1_easy_anchor,64,1.0,1.0,0.0,0.0,0.0033816000213846564,0.009490045037819072,0.026034559053368777,0.0033816000213846564,1.109375,246240,12408,0.0
oracle-portfolio-v0.1,CASCADE:MAP_D512_FAST->MAP_D1024_FAST->BCF_NATIVE->MAP_D1024_ROBUST,PREMATERIALIZED_ALL_VIEWS,u1_boundary_1,64,1.0,1.0,0.0,0.0,0.014877450070343912,0.058314160013105715,0.07384092891705218,0.014877450070343912,2.203125,541728,12552,0.0
oracle-portfolio-v0.1,CASCADE:MAP_D512_FAST->MAP_D1024_FAST->BCF_NATIVE->MAP_D1024_ROBUST,PREMATERIALIZED_ALL_VIEWS,u1_boundary_2,64,1.0,1.0,0.0,0.0,0.050315799948293716,0.12805028498987658,0.19293711188016452,0.050315799948293716,2.78125,763344,12660,0.0
oracle-portfolio-v0.1,CASCADE:MAP_D512_FAST->MAP_D1024_FAST->BCF_NATIVE->MAP_D1024_ROBUST,PREMATERIALIZED_ALL_VIEWS,u1_separation_anchor,64,1.0,1.0,0.0,0.0,0.1681805998669006,0.4171094700461252,0.5017307300376704,0.1681805998669006,3,1674432,13104,0.0
oracle-portfolio-v0.1,CASCADE:MAP_D512_FAST->MAP_D1024_FAST->BCF_NATIVE->MAP_D1024_ROBUST,LAZY_FALLBACK_VIEW,FINAL_ALL,256,1.0,1.0,0.0,0.0,0.04055644979234785,0.2786777000874281,0.4426505400333548,0.053874599921982735,2.2734375,806436,12681,0.014733941793110716
oracle-portfolio-v0.1,CASCADE:MAP_D512_FAST->MAP_D1024_FAST->BCF_NATIVE->MAP_D1024_ROBUST,LAZY_FALLBACK_VIEW,FINAL_NON_EASY,192,1.0,1.0,0.0,0.0,0.05487395013915375,0.33125446001649805,0.4706191730347928,0.0716248499811627,2.6614583333333335,993168,12772,0.019255022392220173
oracle-portfolio-v0.1,CASCADE:MAP_D512_FAST->MAP_D1024_FAST->BCF_NATIVE->MAP_D1024_ROBUST,LAZY_FALLBACK_VIEW,u1_easy_anchor,64,1.0,1.0,0.0,0.0,0.0033816000213846564,0.009490045037819072,0.026034559053368777,0.004330299969296902,1.109375,246240,12408,0.0011706999957823427
oracle-portfolio-v0.1,CASCADE:MAP_D512_FAST->MAP_D1024_FAST->BCF_NATIVE->MAP_D1024_ROBUST,LAZY_FALLBACK_VIEW,u1_boundary_1,64,1.0,1.0,0.0,0.0,0.014877450070343912,0.058314160013105715,0.07384092891705218,0.01838670007418841,2.203125,541728,12552,0.007980760941791232
oracle-portfolio-v0.1,CASCADE:MAP_D512_FAST->MAP_D1024_FAST->BCF_NATIVE->MAP_D1024_ROBUST,LAZY_FALLBACK_VIEW,u1_boundary_2,64,1.0,1.0,0.0,0.0,0.050315799948293716,0.12805028498987658,0.19293711188016452,0.06677709991345182,2.78125,763344,12660,0.015762904689836432
oracle-portfolio-v0.1,CASCADE:MAP_D512_FAST->MAP_D1024_FAST->BCF_NATIVE->MAP_D1024_ROBUST,LAZY_FALLBACK_VIEW,u1_separation_anchor,64,1.0,1.0,0.0,0.0,0.1681805998669006,0.4171094700461252,0.5017307300376704,0.20068474992876872,3,1674432,13104,0.03402140154503286
oracle-portfolio-v0.1,CASCADE:MAP_D512_FAST->MAP_D1024_ROBUST->MAP_D1024_FAST->BCF_NATIVE,PREMATERIALIZED_ALL_VIEWS,FINAL_ALL,256,1.0,1.0,0.0,0.0,0.0679605501354672,0.46003497508354485,0.5771758800488891,0.0679605501354672,2.51171875,806436,12681,0.0
oracle-portfolio-v0.1,CASCADE:MAP_D512_FAST->MAP_D1024_ROBUST->MAP_D1024_FAST->BCF_NATIVE,PREMATERIALIZED_ALL_VIEWS,FINAL_NON_EASY,192,1.0,1.0,0.0,0.0,0.10653675004141405,0.47877781490678883,0.6066771030286329,0.10653675004141405,2.9583333333333335,993168,12772,0.0
oracle-portfolio-v0.1,CASCADE:MAP_D512_FAST->MAP_D1024_ROBUST->MAP_D1024_FAST->BCF_NATIVE,PREMATERIALIZED_ALL_VIEWS,u1_easy_anchor,64,1.0,1.0,0.0,0.0,0.0033816000213846564,0.028243279934395103,0.040675759132718634,0.0033816000213846564,1.171875,246240,12408,0.0
oracle-portfolio-v0.1,CASCADE:MAP_D512_FAST->MAP_D1024_ROBUST->MAP_D1024_FAST->BCF_NATIVE,PREMATERIALIZED_ALL_VIEWS,u1_boundary_1,64,1.0,1.0,0.0,0.0,0.04588569997576997,0.08971343485172836,0.179999910838669,0.04588569997576997,2.09375,541728,12552,0.0
oracle-portfolio-v0.1,CASCADE:MAP_D512_FAST->MAP_D1024_ROBUST->MAP_D1024_FAST->BCF_NATIVE,PREMATERIALIZED_ALL_VIEWS,u1_boundary_2,64,1.0,1.0,0.0,0.0,0.10118610004428774,0.22445584498345836,0.2987622918293344,0.10118610004428774,2.78125,763344,12660,0.0
oracle-portfolio-v0.1,CASCADE:MAP_D512_FAST->MAP_D1024_ROBUST->MAP_D1024_FAST->BCF_NATIVE,PREMATERIALIZED_ALL_VIEWS,u1_separation_anchor,64,1.0,1.0,0.0,0.0,0.3071851499262266,0.553724670066731,0.6484424870461225,0.3071851499262266,4,1674432,13104,0.0
oracle-portfolio-v0.1,CASCADE:MAP_D512_FAST->MAP_D1024_ROBUST->MAP_D1024_FAST->BCF_NATIVE,LAZY_FALLBACK_VIEW,FINAL_ALL,256,1.0,1.0,0.0,0.0,0.0679605501354672,0.46003497508354485,0.5771758800488891,0.07321770000271499,2.51171875,806436,12681,0.01213051015020028
oracle-portfolio-v0.1,CASCADE:MAP_D512_FAST->MAP_D1024_ROBUST->MAP_D1024_FAST->BCF_NATIVE,LAZY_FALLBACK_VIEW,FINAL_NON_EASY,192,1.0,1.0,0.0,0.0,0.10653675004141405,0.47877781490678883,0.6066771030286329,0.12039405008545145,2.9583333333333335,993168,12772,0.015783780201672926
oracle-portfolio-v0.1,CASCADE:MAP_D512_FAST->MAP_D1024_ROBUST->MAP_D1024_FAST->BCF_NATIVE,LAZY_FALLBACK_VIEW,u1_easy_anchor,64,1.0,1.0,0.0,0.0,0.0033816000213846564,0.028243279934395103,0.040675759132718634,0.004330299969296902,1.171875,246240,12408,0.0011706999957823427
oracle-portfolio-v0.1,CASCADE:MAP_D512_FAST->MAP_D1024_ROBUST->MAP_D1024_FAST->BCF_NATIVE,LAZY_FALLBACK_VIEW,u1_boundary_1,64,1.0,1.0,0.0,0.0,0.04588569997576997,0.08971343485172836,0.179999910838669,0.04975274996832013,2.09375,541728,12552,0.004208948437735671
oracle-portfolio-v0.1,CASCADE:MAP_D512_FAST->MAP_D1024_ROBUST->MAP_D1024_FAST->BCF_NATIVE,LAZY_FALLBACK_VIEW,u1_boundary_2,64,1.0,1.0,0.0,0.0,0.10118610004428774,0.22445584498345836,0.2987622918293344,0.10666535003110766,2.78125,763344,12660,0.009120990622250247
oracle-portfolio-v0.1,CASCADE:MAP_D512_FAST->MAP_D1024_ROBUST->MAP_D1024_FAST->BCF_NATIVE,LAZY_FALLBACK_VIEW,u1_separation_anchor,64,1.0,1.0,0.0,0.0,0.3071851499262266,0.553724670066731,0.6484424870461225,0.3393158998223953,4,1674432,13104,0.03402140154503286
oracle-portfolio-v0.1,CASCADE:MAP_D512_FAST->MAP_D1024_ROBUST->BCF_NATIVE->MAP_D1024_FAST,PREMATERIALIZED_ALL_VIEWS,FINAL_ALL,256,1.0,1.0,0.0,0.0,0.06917654990684241,0.423213625093922,0.5653112800675439,0.06917654990684241,2.15234375,806436,12681,0.0
oracle-portfolio-v0.1,CASCADE:MAP_D512_FAST->MAP_D1024_ROBUST->BCF_NATIVE->MAP_D1024_FAST,PREMATERIALIZED_ALL_VIEWS,FINAL_NON_EASY,192,1.0,1.0,0.0,0.0,0.10351450002053753,0.46775233992957505,0.5965679260960316,0.10351450002053753,2.4791666666666665,993168,12772,0.0
oracle-portfolio-v0.1,CASCADE:MAP_D512_FAST->MAP_D1024_ROBUST->BCF_NATIVE->MAP_D1024_FAST,PREMATERIALIZED_ALL_VIEWS,u1_easy_anchor,64,1.0,1.0,0.0,0.0,0.0033816000213846564,0.03925475001451559,0.04598779309657401,0.0033816000213846564,1.171875,246240,12408,0.0
oracle-portfolio-v0.1,CASCADE:MAP_D512_FAST->MAP_D1024_ROBUST->BCF_NATIVE->MAP_D1024_FAST,PREMATERIALIZED_ALL_VIEWS,u1_boundary_1,64,1.0,1.0,0.0,0.0,0.04728445009095594,0.08224572972976602,0.179999910838669,0.04728445009095594,2,541728,12552,0.0
oracle-portfolio-v0.1,CASCADE:MAP_D512_FAST->MAP_D1024_ROBUST->BCF_NATIVE->MAP_D1024_FAST,PREMATERIALIZED_ALL_VIEWS,u1_boundary_2,64,1.0,1.0,0.0,0.0,0.1002370000933297,0.20594038000563156,0.32286552486242714,0.1002370000933297,2.4375,763344,12660,0.0
oracle-portfolio-v0.1,CASCADE:MAP_D512_FAST->MAP_D1024_ROBUST->BCF_NATIVE->MAP_D1024_FAST,PREMATERIALIZED_ALL_VIEWS,u1_separation_anchor,64,1.0,1.0,0.0,0.0,0.29335839999839664,0.53994458502857,0.6361197430174798,0.29335839999839664,3,1674432,13104,0.0
oracle-portfolio-v0.1,CASCADE:MAP_D512_FAST->MAP_D1024_ROBUST->BCF_NATIVE->MAP_D1024_FAST,LAZY_FALLBACK_VIEW,FINAL_ALL,256,1.0,1.0,0.0,0.0,0.06917654990684241,0.423213625093922,0.5653112800675439,0.07704670005477965,2.15234375,806436,12681,0.0127419894479317
oracle-portfolio-v0.1,CASCADE:MAP_D512_FAST->MAP_D1024_ROBUST->BCF_NATIVE->MAP_D1024_FAST,LAZY_FALLBACK_VIEW,FINAL_NON_EASY,192,1.0,1.0,0.0,0.0,0.10351450002053753,0.46775233992957505,0.5965679260960316,0.11897215014323592,2.4791666666666665,993168,12772,0.01647875468188431
oracle-portfolio-v0.1,CASCADE:MAP_D512_FAST->MAP_D1024_ROBUST->BCF_NATIVE->MAP_D1024_FAST,LAZY_FALLBACK_VIEW,u1_easy_anchor,64,1.0,1.0,0.0,0.0,0.0033816000213846564,0.03925475001451559,0.04598779309657401,0.004330299969296902,1.171875,246240,12408,0.00153169374607387
oracle-portfolio-v0.1,CASCADE:MAP_D512_FAST->MAP_D1024_ROBUST->BCF_NATIVE->MAP_D1024_FAST,LAZY_FALLBACK_VIEW,u1_boundary_1,64,1.0,1.0,0.0,0.0,0.04728445009095594,0.08224572972976602,0.179999910838669,0.05099054996389896,2,541728,12552,0.005203404687563307
oracle-portfolio-v0.1,CASCADE:MAP_D512_FAST->MAP_D1024_ROBUST->BCF_NATIVE->MAP_D1024_FAST,LAZY_FALLBACK_VIEW,u1_boundary_2,64,1.0,1.0,0.0,0.0,0.1002370000933297,0.20594038000563156,0.32286552486242714,0.11677214998053387,2.4375,763344,12660,0.010211457813056768
oracle-portfolio-v0.1,CASCADE:MAP_D512_FAST->MAP_D1024_ROBUST->BCF_NATIVE->MAP_D1024_FAST,LAZY_FALLBACK_VIEW,u1_separation_anchor,64,1.0,1.0,0.0,0.0,0.29335839999839664,0.53994458502857,0.6361197430174798,0.3257652497268282,3,1674432,13104,0.03402140154503286
oracle-portfolio-v0.1,CASCADE:MAP_D512_FAST->BCF_NATIVE->MAP_D1024_FAST->MAP_D1024_ROBUST,PREMATERIALIZED_ALL_VIEWS,FINAL_ALL,256,1.0,1.0,0.0,0.0,0.036013250006362796,0.25671380007406697,0.43078594005200954,0.036013250006362796,1.7265625,806436,12681,0.0
oracle-portfolio-v0.1,CASCADE:MAP_D512_FAST->BCF_NATIVE->MAP_D1024_FAST->MAP_D1024_ROBUST,PREMATERIALIZED_ALL_VIEWS,FINAL_NON_EASY,192,1.0,1.0,0.0,0.0,0.04788064997410402,0.3218470250489187,0.4607186880987138,0.04788064997410402,1.9322916666666667,993168,12772,0.0
oracle-portfolio-v0.1,CASCADE:MAP_D512_FAST->BCF_NATIVE->MAP_D1024_FAST->MAP_D1024_ROBUST,PREMATERIALIZED_ALL_VIEWS,u1_easy_anchor,64,1.0,1.0,0.0,0.0,0.0033816000213846564,0.019116035080514845,0.0322266400442458,0.0033816000213846564,1.109375,246240,12408,0.0
oracle-portfolio-v0.1,CASCADE:MAP_D512_FAST->BCF_NATIVE->MAP_D1024_FAST->MAP_D1024_ROBUST,PREMATERIALIZED_ALL_VIEWS,u1_boundary_1,64,1.0,1.0,0.0,0.0,0.031162699975539,0.048454864911036566,0.06442190586123611,0.031162699975539,1.796875,541728,12552,0.0
oracle-portfolio-v0.1,CASCADE:MAP_D512_FAST->BCF_NATIVE->MAP_D1024_FAST->MAP_D1024_ROBUST,PREMATERIALIZED_ALL_VIEWS,u1_boundary_2,64,1.0,1.0,0.0,0.0,0.04587555001489818,0.10798450999427586,0.1832446129678282,0.04587555001489818,2,763344,12660,0.0
oracle-portfolio-v0.1,CASCADE:MAP_D512_FAST->BCF_NATIVE->MAP_D1024_FAST->MAP_D1024_ROBUST,PREMATERIALIZED_ALL_VIEWS,u1_separation_anchor,64,1.0,1.0,0.0,0.0,0.15245459991274402,0.4030606000043916,0.49001087399898086,0.15245459991274402,2,1674432,13104,0.0
oracle-portfolio-v0.1,CASCADE:MAP_D512_FAST->BCF_NATIVE->MAP_D1024_FAST->MAP_D1024_ROBUST,LAZY_FALLBACK_VIEW,FINAL_ALL,256,1.0,1.0,0.0,0.0,0.036013250006362796,0.25671380007406697,0.43078594005200954,0.04884110001148656,1.7265625,806436,12681,0.014006608201270865
oracle-portfolio-v0.1,CASCADE:MAP_D512_FAST->BCF_NATIVE->MAP_D1024_FAST->MAP_D1024_ROBUST,LAZY_FALLBACK_VIEW,FINAL_NON_EASY,192,1.0,1.0,0.0,0.0,0.04788064997410402,0.3218470250489187,0.4607186880987138,0.06254975002957508,1.9322916666666667,993168,12772,0.018123020310061595
oracle-portfolio-v0.1,CASCADE:MAP_D512_FAST->BCF_NATIVE->MAP_D1024_FAST->MAP_D1024_ROBUST,LAZY_FALLBACK_VIEW,u1_easy_anchor,64,1.0,1.0,0.0,0.0,0.0033816000213846564,0.019116035080514845,0.0322266400442458,0.004330299969296902,1.109375,246240,12408,0.001657371874898672
oracle-portfolio-v0.1,CASCADE:MAP_D512_FAST->BCF_NATIVE->MAP_D1024_FAST->MAP_D1024_ROBUST,LAZY_FALLBACK_VIEW,u1_boundary_1,64,1.0,1.0,0.0,0.0,0.031162699975539,0.048454864911036566,0.06442190586123611,0.04172814986668527,1.796875,541728,12552,0.009632201557906228
oracle-portfolio-v0.1,CASCADE:MAP_D512_FAST->BCF_NATIVE->MAP_D1024_FAST->MAP_D1024_ROBUST,LAZY_FALLBACK_VIEW,u1_boundary_2,64,1.0,1.0,0.0,0.0,0.04587555001489818,0.10798450999427586,0.1832446129678282,0.059997649979777634,2,763344,12660,0.016643854687572457
oracle-portfolio-v0.1,CASCADE:MAP_D512_FAST->BCF_NATIVE->MAP_D1024_FAST->MAP_D1024_ROBUST,LAZY_FALLBACK_VIEW,u1_separation_anchor,64,1.0,1.0,0.0,0.0,0.15245459991274402,0.4030606000043916,0.49001087399898086,0.18052034988068044,2,1674432,13104,0.028093004684706102
oracle-portfolio-v0.1,CASCADE:MAP_D512_FAST->BCF_NATIVE->MAP_D1024_ROBUST->MAP_D1024_FAST,PREMATERIALIZED_ALL_VIEWS,FINAL_ALL,256,1.0,1.0,0.0,0.0,0.036013250006362796,0.25671380007406697,0.43078594005200954,0.036013250006362796,1.7265625,806436,12681,0.0
oracle-portfolio-v0.1,CASCADE:MAP_D512_FAST->BCF_NATIVE->MAP_D1024_ROBUST->MAP_D1024_FAST,PREMATERIALIZED_ALL_VIEWS,FINAL_NON_EASY,192,1.0,1.0,0.0,0.0,0.04788064997410402,0.3218470250489187,0.4607186880987138,0.04788064997410402,1.9322916666666667,993168,12772,0.0
oracle-portfolio-v0.1,CASCADE:MAP_D512_FAST->BCF_NATIVE->MAP_D1024_ROBUST->MAP_D1024_FAST,PREMATERIALIZED_ALL_VIEWS,u1_easy_anchor,64,1.0,1.0,0.0,0.0,0.0033816000213846564,0.019116035080514845,0.0322266400442458,0.0033816000213846564,1.109375,246240,12408,0.0
oracle-portfolio-v0.1,CASCADE:MAP_D512_FAST->BCF_NATIVE->MAP_D1024_ROBUST->MAP_D1024_FAST,PREMATERIALIZED_ALL_VIEWS,u1_boundary_1,64,1.0,1.0,0.0,0.0,0.031162699975539,0.048454864911036566,0.06442190586123611,0.031162699975539,1.796875,541728,12552,0.0
oracle-portfolio-v0.1,CASCADE:MAP_D512_FAST->BCF_NATIVE->MAP_D1024_ROBUST->MAP_D1024_FAST,PREMATERIALIZED_ALL_VIEWS,u1_boundary_2,64,1.0,1.0,0.0,0.0,0.04587555001489818,0.10798450999427586,0.1832446129678282,0.04587555001489818,2,763344,12660,0.0
oracle-portfolio-v0.1,CASCADE:MAP_D512_FAST->BCF_NATIVE->MAP_D1024_ROBUST->MAP_D1024_FAST,PREMATERIALIZED_ALL_VIEWS,u1_separation_anchor,64,1.0,1.0,0.0,0.0,0.15245459991274402,0.4030606000043916,0.49001087399898086,0.15245459991274402,2,1674432,13104,0.0
oracle-portfolio-v0.1,CASCADE:MAP_D512_FAST->BCF_NATIVE->MAP_D1024_ROBUST->MAP_D1024_FAST,LAZY_FALLBACK_VIEW,FINAL_ALL,256,1.0,1.0,0.0,0.0,0.036013250006362796,0.25671380007406697,0.43078594005200954,0.04884110001148656,1.7265625,806436,12681,0.014006608201270865
oracle-portfolio-v0.1,CASCADE:MAP_D512_FAST->BCF_NATIVE->MAP_D1024_ROBUST->MAP_D1024_FAST,LAZY_FALLBACK_VIEW,FINAL_NON_EASY,192,1.0,1.0,0.0,0.0,0.04788064997410402,0.3218470250489187,0.4607186880987138,0.06254975002957508,1.9322916666666667,993168,12772,0.018123020310061595
oracle-portfolio-v0.1,CASCADE:MAP_D512_FAST->BCF_NATIVE->MAP_D1024_ROBUST->MAP_D1024_FAST,LAZY_FALLBACK_VIEW,u1_easy_anchor,64,1.0,1.0,0.0,0.0,0.0033816000213846564,0.019116035080514845,0.0322266400442458,0.004330299969296902,1.109375,246240,12408,0.001657371874898672
oracle-portfolio-v0.1,CASCADE:MAP_D512_FAST->BCF_NATIVE->MAP_D1024_ROBUST->MAP_D1024_FAST,LAZY_FALLBACK_VIEW,u1_boundary_1,64,1.0,1.0,0.0,0.0,0.031162699975539,0.048454864911036566,0.06442190586123611,0.04172814986668527,1.796875,541728,12552,0.009632201557906228
oracle-portfolio-v0.1,CASCADE:MAP_D512_FAST->BCF_NATIVE->MAP_D1024_ROBUST->MAP_D1024_FAST,LAZY_FALLBACK_VIEW,u1_boundary_2,64,1.0,1.0,0.0,0.0,0.04587555001489818,0.10798450999427586,0.1832446129678282,0.059997649979777634,2,763344,12660,0.016643854687572457
oracle-portfolio-v0.1,CASCADE:MAP_D512_FAST->BCF_NATIVE->MAP_D1024_ROBUST->MAP_D1024_FAST,LAZY_FALLBACK_VIEW,u1_separation_anchor,64,1.0,1.0,0.0,0.0,0.15245459991274402,0.4030606000043916,0.49001087399898086,0.18052034988068044,2,1674432,13104,0.028093004684706102
oracle-portfolio-v0.1,CASCADE:MAP_D1024_FAST->MAP_D512_FAST->MAP_D1024_ROBUST->BCF_NATIVE,PREMATERIALIZED_ALL_VIEWS,FINAL_ALL,256,1.0,1.0,0.0,0.0,0.06369830010225996,0.46003497508354485,0.5771758800488891,0.06369830010225996,2.46875,806436,12681,0.0
oracle-portfolio-v0.1,CASCADE:MAP_D1024_FAST->MAP_D512_FAST->MAP_D1024_ROBUST->BCF_NATIVE,PREMATERIALIZED_ALL_VIEWS,FINAL_NON_EASY,192,1.0,1.0,0.0,0.0,0.10245645005488768,0.47877781490678883,0.6066771030286329,0.10245645005488768,2.9583333333333335,993168,12772,0.0
oracle-portfolio-v0.1,CASCADE:MAP_D1024_FAST->MAP_D512_FAST->MAP_D1024_ROBUST->BCF_NATIVE,PREMATERIALIZED_ALL_VIEWS,u1_easy_anchor,64,1.0,1.0,0.0,0.0,0.0027905499446205795,0.0048219950054772176,0.008234908956801503,0.0027905499446205795,1,246240,12408,0.0
oracle-portfolio-v0.1,CASCADE:MAP_D1024_FAST->MAP_D512_FAST->MAP_D1024_ROBUST->BCF_NATIVE,PREMATERIALIZED_ALL_VIEWS,u1_boundary_1,64,1.0,1.0,0.0,0.0,0.009144850017037243,0.08783526531769895,0.14580650803633002,0.009144850017037243,1.96875,541728,12552,0.0
oracle-portfolio-v0.1,CASCADE:MAP_D1024_FAST->MAP_D512_FAST->MAP_D1024_ROBUST->BCF_NATIVE,PREMATERIALIZED_ALL_VIEWS,u1_boundary_2,64,1.0,1.0,0.0,0.0,0.09949119994416833,0.21188110982766362,0.3027153718215412,0.09949119994416833,2.90625,763344,12660,0.0
oracle-portfolio-v0.1,CASCADE:MAP_D1024_FAST->MAP_D512_FAST->MAP_D1024_ROBUST->BCF_NATIVE,PREMATERIALIZED_ALL_VIEWS,u1_separation_anchor,64,1.0,1.0,0.0,0.0,0.3071851499262266,0.553724670066731,0.6484424870461225,0.3071851499262266,4,1674432,13104,0.0
oracle-portfolio-v0.1,CASCADE:MAP_D1024_FAST->MAP_D512_FAST->MAP_D1024_ROBUST->BCF_NATIVE,LAZY_FALLBACK_VIEW,FINAL_ALL,256,1.0,1.0,0.0,0.0,0.06369830010225996,0.46003497508354485,0.5771758800488891,0.06669565004995093,2.46875,806436,12681,0.01199701952691612
oracle-portfolio-v0.1,CASCADE:MAP_D1024_FAST->MAP_D512_FAST->MAP_D1024_ROBUST->BCF_NATIVE,LAZY_FALLBACK_VIEW,FINAL_NON_EASY,192,1.0,1.0,0.0,0.0,0.10245645005488768,0.47877781490678883,0.6066771030286329,0.1118734500487335,2.9583333333333335,993168,12772,0.01554314738799197
oracle-portfolio-v0.1,CASCADE:MAP_D1024_FAST->MAP_D512_FAST->MAP_D1024_ROBUST->BCF_NATIVE,LAZY_FALLBACK_VIEW,u1_easy_anchor,64,1.0,1.0,0.0,0.0,0.0027905499446205795,0.0048219950054772176,0.008234908956801503,0.004061799903865904,1,246240,12408,0.0013586359436885687
oracle-portfolio-v0.1,CASCADE:MAP_D1024_FAST->MAP_D512_FAST->MAP_D1024_ROBUST->BCF_NATIVE,LAZY_FALLBACK_VIEW,u1_boundary_1,64,1.0,1.0,0.0,0.0,0.009144850017037243,0.08783526531769895,0.14580650803633002,0.011417149973567575,1.96875,541728,12552,0.003909276558260899
oracle-portfolio-v0.1,CASCADE:MAP_D1024_FAST->MAP_D512_FAST->MAP_D1024_ROBUST->BCF_NATIVE,LAZY_FALLBACK_VIEW,u1_boundary_2,64,1.0,1.0,0.0,0.0,0.09949119994416833,0.21188110982766362,0.3027153718215412,0.10407844983274117,2.90625,763344,12660,0.008698764060682151
oracle-portfolio-v0.1,CASCADE:MAP_D1024_FAST->MAP_D512_FAST->MAP_D1024_ROBUST->BCF_NATIVE,LAZY_FALLBACK_VIEW,u1_separation_anchor,64,1.0,1.0,0.0,0.0,0.3071851499262266,0.553724670066731,0.6484424870461225,0.3393158998223953,4,1674432,13104,0.03402140154503286
oracle-portfolio-v0.1,CASCADE:MAP_D1024_FAST->MAP_D512_FAST->BCF_NATIVE->MAP_D1024_ROBUST,PREMATERIALIZED_ALL_VIEWS,FINAL_ALL,256,1.0,1.0,0.0,0.0,0.04055644979234785,0.2786777000874281,0.4426505400333548,0.04055644979234785,2.109375,806436,12681,0.0
oracle-portfolio-v0.1,CASCADE:MAP_D1024_FAST->MAP_D512_FAST->BCF_NATIVE->MAP_D1024_ROBUST,PREMATERIALIZED_ALL_VIEWS,FINAL_NON_EASY,192,1.0,1.0,0.0,0.0,0.05544980015838519,0.33125446001649805,0.4706191730347928,0.05544980015838519,2.4791666666666665,993168,12772,0.0
oracle-portfolio-v0.1,CASCADE:MAP_D1024_FAST->MAP_D512_FAST->BCF_NATIVE->MAP_D1024_ROBUST,PREMATERIALIZED_ALL_VIEWS,u1_easy_anchor,64,1.0,1.0,0.0,0.0,0.0027905499446205795,0.0048219950054772176,0.008234908956801503,0.0027905499446205795,1,246240,12408,0.0
oracle-portfolio-v0.1,CASCADE:MAP_D1024_FAST->MAP_D512_FAST->BCF_NATIVE->MAP_D1024_ROBUST,PREMATERIALIZED_ALL_VIEWS,u1_boundary_1,64,1.0,1.0,0.0,0.0,0.009144850017037243,0.06127962002065031,0.07384092891705218,0.009144850017037243,1.875,541728,12552,0.0
oracle-portfolio-v0.1,CASCADE:MAP_D1024_FAST->MAP_D512_FAST->BCF_NATIVE->MAP_D1024_ROBUST,PREMATERIALIZED_ALL_VIEWS,u1_boundary_2,64,1.0,1.0,0.0,0.0,0.050315799948293716,0.12805028498987658,0.19293711188016452,0.050315799948293716,2.5625,763344,12660,0.0
oracle-portfolio-v0.1,CASCADE:MAP_D1024_FAST->MAP_D512_FAST->BCF_NATIVE->MAP_D1024_ROBUST,PREMATERIALIZED_ALL_VIEWS,u1_separation_anchor,64,1.0,1.0,0.0,0.0,0.1681805998669006,0.4171094700461252,0.5017307300376704,0.1681805998669006,3,1674432,13104,0.0
oracle-portfolio-v0.1,CASCADE:MAP_D1024_FAST->MAP_D512_FAST->BCF_NATIVE->MAP_D1024_ROBUST,LAZY_FALLBACK_VIEW,FINAL_ALL,256,1.0,1.0,0.0,0.0,0.04055644979234785,0.2786777000874281,0.4426505400333548,0.05449364992091432,2.109375,806436,12681,0.014600451169826556
oracle-portfolio-v0.1,CASCADE:MAP_D1024_FAST->MAP_D512_FAST->BCF_NATIVE->MAP_D1024_ROBUST,LAZY_FALLBACK_VIEW,FINAL_NON_EASY,192,1.0,1.0,0.0,0.0,0.05544980015838519,0.33125446001649805,0.4706191730347928,0.0716248499811627,2.4791666666666665,993168,12772,0.01901438957853922
oracle-portfolio-v0.1,CASCADE:MAP_D1024_FAST->MAP_D512_FAST->BCF_NATIVE->MAP_D1024_ROBUST,LAZY_FALLBACK_VIEW,u1_easy_anchor,64,1.0,1.0,0.0,0.0,0.0027905499446205795,0.0048219950054772176,0.008234908956801503,0.004061799903865904,1,246240,12408,0.0013586359436885687
oracle-portfolio-v0.1,CASCADE:MAP_D1024_FAST->MAP_D512_FAST->BCF_NATIVE->MAP_D1024_ROBUST,LAZY_FALLBACK_VIEW,u1_boundary_1,64,1.0,1.0,0.0,0.0,0.009144850017037243,0.06127962002065031,0.07384092891705218,0.011417149973567575,1.875,541728,12552,0.00768108906231646
oracle-portfolio-v0.1,CASCADE:MAP_D1024_FAST->MAP_D512_FAST->BCF_NATIVE->MAP_D1024_ROBUST,LAZY_FALLBACK_VIEW,u1_boundary_2,64,1.0,1.0,0.0,0.0,0.050315799948293716,0.12805028498987658,0.19293711188016452,0.06677709991345182,2.5625,763344,12660,0.015340678128268337
oracle-portfolio-v0.1,CASCADE:MAP_D1024_FAST->MAP_D512_FAST->BCF_NATIVE->MAP_D1024_ROBUST,LAZY_FALLBACK_VIEW,u1_separation_anchor,64,1.0,1.0,0.0,0.0,0.1681805998669006,0.4171094700461252,0.5017307300376704,0.20068474992876872,3,1674432,13104,0.03402140154503286
oracle-portfolio-v0.1,CASCADE:MAP_D1024_FAST->MAP_D1024_ROBUST->MAP_D512_FAST->BCF_NATIVE,PREMATERIALIZED_ALL_VIEWS,FINAL_ALL,256,1.0,1.0,0.0,0.0,0.05667364987311885,0.46003497508354485,0.5771758800488891,0.05667364987311885,2.29296875,806436,12681,0.0
oracle-portfolio-v0.1,CASCADE:MAP_D1024_FAST->MAP_D1024_ROBUST->MAP_D512_FAST->BCF_NATIVE,PREMATERIALIZED_ALL_VIEWS,FINAL_NON_EASY,192,1.0,1.0,0.0,0.0,0.09906824998324737,0.47877781490678883,0.6066771030286329,0.09906824998324737,2.7239583333333335,993168,12772,0.0
oracle-portfolio-v0.1,CASCADE:MAP_D1024_FAST->MAP_D1024_ROBUST->MAP_D512_FAST->BCF_NATIVE,PREMATERIALIZED_ALL_VIEWS,u1_easy_anchor,64,1.0,1.0,0.0,0.0,0.0027905499446205795,0.0048219950054772176,0.008234908956801503,0.0027905499446205795,1,246240,12408,0.0
oracle-portfolio-v0.1,CASCADE:MAP_D1024_FAST->MAP_D1024_ROBUST->MAP_D512_FAST->BCF_NATIVE,PREMATERIALIZED_ALL_VIEWS,u1_boundary_1,64,1.0,1.0,0.0,0.0,0.009144850017037243,0.08971343485172836,0.20275166612118478,0.009144850017037243,1.703125,541728,12552,0.0
oracle-portfolio-v0.1,CASCADE:MAP_D1024_FAST->MAP_D1024_ROBUST->MAP_D512_FAST->BCF_NATIVE,PREMATERIALIZED_ALL_VIEWS,u1_boundary_2,64,1.0,1.0,0.0,0.0,0.09027019992936403,0.20337532997364172,0.29880780183128064,0.09027019992936403,2.46875,763344,12660,0.0
oracle-portfolio-v0.1,CASCADE:MAP_D1024_FAST->MAP_D1024_ROBUST->MAP_D512_FAST->BCF_NATIVE,PREMATERIALIZED_ALL_VIEWS,u1_separation_anchor,64,1.0,1.0,0.0,0.0,0.3071851499262266,0.553724670066731,0.6484424870461225,0.3071851499262266,4,1674432,13104,0.0
oracle-portfolio-v0.1,CASCADE:MAP_D1024_FAST->MAP_D1024_ROBUST->MAP_D512_FAST->BCF_NATIVE,LAZY_FALLBACK_VIEW,FINAL_ALL,256,1.0,1.0,0.0,0.0,0.05667364987311885,0.46003497508354485,0.5771758800488891,0.05960294988472015,2.29296875,806436,12681,0.011686198826282634
oracle-portfolio-v0.1,CASCADE:MAP_D1024_FAST->MAP_D1024_ROBUST->MAP_D512_FAST->BCF_NATIVE,LAZY_FALLBACK_VIEW,FINAL_NON_EASY,192,1.0,1.0,0.0,0.0,0.09906824998324737,0.47877781490678883,0.6066771030286329,0.10338799987221137,2.7239583333333335,993168,12772,0.015128719787147324
oracle-portfolio-v0.1,CASCADE:MAP_D1024_FAST->MAP_D1024_ROBUST->MAP_D512_FAST->BCF_NATIVE,LAZY_FALLBACK_VIEW,u1_easy_anchor,64,1.0,1.0,0.0,0.0,0.0027905499446205795,0.0048219950054772176,0.008234908956801503,0.004061799903865904,1,246240,12408,0.0013586359436885687
oracle-portfolio-v0.1,CASCADE:MAP_D1024_FAST->MAP_D1024_ROBUST->MAP_D512_FAST->BCF_NATIVE,LAZY_FALLBACK_VIEW,u1_boundary_1,64,1.0,1.0,0.0,0.0,0.009144850017037243,0.08971343485172836,0.20275166612118478,0.011417149973567575,1.703125,541728,12552,0.0034589593760756543
oracle-portfolio-v0.1,CASCADE:MAP_D1024_FAST->MAP_D1024_ROBUST->MAP_D512_FAST->BCF_NATIVE,LAZY_FALLBACK_VIEW,u1_boundary_2,64,1.0,1.0,0.0,0.0,0.09027019992936403,0.20337532997364172,0.29880780183128064,0.09321384987561032,2.46875,763344,12660,0.007905798440333456
oracle-portfolio-v0.1,CASCADE:MAP_D1024_FAST->MAP_D1024_ROBUST->MAP_D512_FAST->BCF_NATIVE,LAZY_FALLBACK_VIEW,u1_separation_anchor,64,1.0,1.0,0.0,0.0,0.3071851499262266,0.553724670066731,0.6484424870461225,0.3393158998223953,4,1674432,13104,0.03402140154503286
oracle-portfolio-v0.1,CASCADE:MAP_D1024_FAST->MAP_D1024_ROBUST->BCF_NATIVE->MAP_D512_FAST,PREMATERIALIZED_ALL_VIEWS,FINAL_ALL,256,1.0,1.0,0.0,0.0,0.05658034991938621,0.4483494250162039,0.5659952900430648,0.05658034991938621,1.93359375,806436,12681,0.0
oracle-portfolio-v0.1,CASCADE:MAP_D1024_FAST->MAP_D1024_ROBUST->BCF_NATIVE->MAP_D512_FAST,PREMATERIALIZED_ALL_VIEWS,FINAL_NON_EASY,192,1.0,1.0,0.0,0.0,0.09579330001724884,0.4685827249020803,0.5961179100174924,0.09579330001724884,2.2447916666666665,993168,12772,0.0
oracle-portfolio-v0.1,CASCADE:MAP_D1024_FAST->MAP_D1024_ROBUST->BCF_NATIVE->MAP_D512_FAST,PREMATERIALIZED_ALL_VIEWS,u1_easy_anchor,64,1.0,1.0,0.0,0.0,0.0027905499446205795,0.0048219950054772176,0.008234908956801503,0.0027905499446205795,1,246240,12408,0.0
oracle-portfolio-v0.1,CASCADE:MAP_D1024_FAST->MAP_D1024_ROBUST->BCF_NATIVE->MAP_D512_FAST,PREMATERIALIZED_ALL_VIEWS,u1_boundary_1,64,1.0,1.0,0.0,0.0,0.009144850017037243,0.08077279487624764,0.2172188380465377,0.009144850017037243,1.609375,541728,12552,0.0
oracle-portfolio-v0.1,CASCADE:MAP_D1024_FAST->MAP_D1024_ROBUST->BCF_NATIVE->MAP_D512_FAST,PREMATERIALIZED_ALL_VIEWS,u1_boundary_2,64,1.0,1.0,0.0,0.0,0.09027019992936403,0.18330650002462787,0.29224685581866633,0.09027019992936403,2.125,763344,12660,0.0
oracle-portfolio-v0.1,CASCADE:MAP_D1024_FAST->MAP_D1024_ROBUST->BCF_NATIVE->MAP_D512_FAST,PREMATERIALIZED_ALL_VIEWS,u1_separation_anchor,64,1.0,1.0,0.0,0.0,0.29317399981664494,0.5420458400738425,0.6392961760552134,0.29317399981664494,3,1674432,13104,0.0
oracle-portfolio-v0.1,CASCADE:MAP_D1024_FAST->MAP_D1024_ROBUST->BCF_NATIVE->MAP_D512_FAST,LAZY_FALLBACK_VIEW,FINAL_ALL,256,1.0,1.0,0.0,0.0,0.05658034991938621,0.4483494250162039,0.5659952900430648,0.060193799901753664,1.93359375,806436,12681,0.010720768749706622
oracle-portfolio-v0.1,CASCADE:MAP_D1024_FAST->MAP_D1024_ROBUST->BCF_NATIVE->MAP_D512_FAST,LAZY_FALLBACK_VIEW,FINAL_NON_EASY,192,1.0,1.0,0.0,0.0,0.09579330001724884,0.4685827249020803,0.5961179100174924,0.10063454997725785,2.2447916666666665,993168,12772,0.013841479685045973
oracle-portfolio-v0.1,CASCADE:MAP_D1024_FAST->MAP_D1024_ROBUST->BCF_NATIVE->MAP_D512_FAST,LAZY_FALLBACK_VIEW,u1_easy_anchor,64,1.0,1.0,0.0,0.0,0.0027905499446205795,0.0048219950054772176,0.008234908956801503,0.004061799903865904,1,246240,12408,0.0013586359436885687
oracle-portfolio-v0.1,CASCADE:MAP_D1024_FAST->MAP_D1024_ROBUST->BCF_NATIVE->MAP_D512_FAST,LAZY_FALLBACK_VIEW,u1_boundary_1,64,1.0,1.0,0.0,0.0,0.009144850017037243,0.08077279487624764,0.2172188380465377,0.011417149973567575,1.609375,541728,12552,0.003712067184096668
oracle-portfolio-v0.1,CASCADE:MAP_D1024_FAST->MAP_D1024_ROBUST->BCF_NATIVE->MAP_D512_FAST,LAZY_FALLBACK_VIEW,u1_boundary_2,64,1.0,1.0,0.0,0.0,0.09027019992936403,0.18330650002462787,0.29224685581866633,0.09321384987561032,2.125,763344,12660,0.007244984379212838
oracle-portfolio-v0.1,CASCADE:MAP_D1024_FAST->MAP_D1024_ROBUST->BCF_NATIVE->MAP_D512_FAST,LAZY_FALLBACK_VIEW,u1_separation_anchor,64,1.0,1.0,0.0,0.0,0.29317399981664494,0.5420458400738425,0.6392961760552134,0.3225990498322062,3,1674432,13104,0.030567387491828413
oracle-portfolio-v0.1,CASCADE:MAP_D1024_FAST->BCF_NATIVE->MAP_D512_FAST->MAP_D1024_ROBUST,PREMATERIALIZED_ALL_VIEWS,FINAL_ALL,256,1.0,1.0,0.0,0.0,0.032103449979331344,0.26680470010614954,0.4314699500275304,0.032103449979331344,1.5625,806436,12681,0.0
oracle-portfolio-v0.1,CASCADE:MAP_D1024_FAST->BCF_NATIVE->MAP_D512_FAST->MAP_D1024_ROBUST,PREMATERIALIZED_ALL_VIEWS,FINAL_NON_EASY,192,1.0,1.0,0.0,0.0,0.04519470006925985,0.32146063998807195,0.46001135303056806,0.04519470006925985,1.75,993168,12772,0.0
oracle-portfolio-v0.1,CASCADE:MAP_D1024_FAST->BCF_NATIVE->MAP_D512_FAST->MAP_D1024_ROBUST,PREMATERIALIZED_ALL_VIEWS,u1_easy_anchor,64,1.0,1.0,0.0,0.0,0.0027905499446205795,0.0048219950054772176,0.008234908956801503,0.0027905499446205795,1,246240,12408,0.0
oracle-portfolio-v0.1,CASCADE:MAP_D1024_FAST->BCF_NATIVE->MAP_D512_FAST->MAP_D1024_ROBUST,PREMATERIALIZED_ALL_VIEWS,u1_boundary_1,64,1.0,1.0,0.0,0.0,0.009144850017037243,0.05227054005372336,0.06833029107889158,0.009144850017037243,1.46875,541728,12552,0.0
oracle-portfolio-v0.1,CASCADE:MAP_D1024_FAST->BCF_NATIVE->MAP_D512_FAST->MAP_D1024_ROBUST,PREMATERIALIZED_ALL_VIEWS,u1_boundary_2,64,1.0,1.0,0.0,0.0,0.040345449990127236,0.10749246008344923,0.1834956948598846,0.040345449990127236,1.78125,763344,12660,0.0
oracle-portfolio-v0.1,CASCADE:MAP_D1024_FAST->BCF_NATIVE->MAP_D512_FAST->MAP_D1024_ROBUST,PREMATERIALIZED_ALL_VIEWS,u1_separation_anchor,64,1.0,1.0,0.0,0.0,0.1547456998960115,0.4054306400532367,0.49244394106673994,0.1547456998960115,2,1674432,13104,0.0
oracle-portfolio-v0.1,CASCADE:MAP_D1024_FAST->BCF_NATIVE->MAP_D512_FAST->MAP_D1024_ROBUST,LAZY_FALLBACK_VIEW,FINAL_ALL,256,1.0,1.0,0.0,0.0,0.032103449979331344,0.26680470010614954,0.4314699500275304,0.045416949957143515,1.5625,806436,12681,0.013387161720402219
oracle-portfolio-v0.1,CASCADE:MAP_D1024_FAST->BCF_NATIVE->MAP_D512_FAST->MAP_D1024_ROBUST,LAZY_FALLBACK_VIEW,FINAL_NON_EASY,192,1.0,1.0,0.0,0.0,0.04519470006925985,0.32146063998807195,0.46001135303056806,0.06051739997928962,1.75,993168,12772,0.0173966703126401
oracle-portfolio-v0.1,CASCADE:MAP_D1024_FAST->BCF_NATIVE->MAP_D512_FAST->MAP_D1024_ROBUST,LAZY_FALLBACK_VIEW,u1_easy_anchor,64,1.0,1.0,0.0,0.0,0.0027905499446205795,0.0048219950054772176,0.008234908956801503,0.004061799903865904,1,246240,12408,0.0013586359436885687
oracle-portfolio-v0.1,CASCADE:MAP_D1024_FAST->BCF_NATIVE->MAP_D512_FAST->MAP_D1024_ROBUST,LAZY_FALLBACK_VIEW,u1_boundary_1,64,1.0,1.0,0.0,0.0,0.009144850017037243,0.05227054005372336,0.06833029107889158,0.011417149973567575,1.46875,541728,12552,0.00773572499929287
oracle-portfolio-v0.1,CASCADE:MAP_D1024_FAST->BCF_NATIVE->MAP_D512_FAST->MAP_D1024_ROBUST,LAZY_FALLBACK_VIEW,u1_boundary_2,64,1.0,1.0,0.0,0.0,0.040345449990127236,0.10749246008344923,0.1834956948598846,0.054659899964462966,1.78125,763344,12660,0.013886898446799023
oracle-portfolio-v0.1,CASCADE:MAP_D1024_FAST->BCF_NATIVE->MAP_D512_FAST->MAP_D1024_ROBUST,LAZY_FALLBACK_VIEW,u1_separation_anchor,64,1.0,1.0,0.0,0.0,0.1547456998960115,0.4054306400532367,0.49244394106673994,0.18518454988952726,2,1674432,13104,0.030567387491828413
oracle-portfolio-v0.1,CASCADE:MAP_D1024_FAST->BCF_NATIVE->MAP_D1024_ROBUST->MAP_D512_FAST,PREMATERIALIZED_ALL_VIEWS,FINAL_ALL,256,1.0,1.0,0.0,0.0,0.032103449979331344,0.26680470010614954,0.4314699500275304,0.032103449979331344,1.5625,806436,12681,0.0
oracle-portfolio-v0.1,CASCADE:MAP_D1024_FAST->BCF_NATIVE->MAP_D1024_ROBUST->MAP_D512_FAST,PREMATERIALIZED_ALL_VIEWS,FINAL_NON_EASY,192,1.0,1.0,0.0,0.0,0.04519470006925985,0.32146063998807195,0.46001135303056806,0.04519470006925985,1.75,993168,12772,0.0
oracle-portfolio-v0.1,CASCADE:MAP_D1024_FAST->BCF_NATIVE->MAP_D1024_ROBUST->MAP_D512_FAST,PREMATERIALIZED_ALL_VIEWS,u1_easy_anchor,64,1.0,1.0,0.0,0.0,0.0027905499446205795,0.0048219950054772176,0.008234908956801503,0.0027905499446205795,1,246240,12408,0.0
oracle-portfolio-v0.1,CASCADE:MAP_D1024_FAST->BCF_NATIVE->MAP_D1024_ROBUST->MAP_D512_FAST,PREMATERIALIZED_ALL_VIEWS,u1_boundary_1,64,1.0,1.0,0.0,0.0,0.009144850017037243,0.05227054005372336,0.06833029107889158,0.009144850017037243,1.46875,541728,12552,0.0
oracle-portfolio-v0.1,CASCADE:MAP_D1024_FAST->BCF_NATIVE->MAP_D1024_ROBUST->MAP_D512_FAST,PREMATERIALIZED_ALL_VIEWS,u1_boundary_2,64,1.0,1.0,0.0,0.0,0.040345449990127236,0.10749246008344923,0.1834956948598846,0.040345449990127236,1.78125,763344,12660,0.0
oracle-portfolio-v0.1,CASCADE:MAP_D1024_FAST->BCF_NATIVE->MAP_D1024_ROBUST->MAP_D512_FAST,PREMATERIALIZED_ALL_VIEWS,u1_separation_anchor,64,1.0,1.0,0.0,0.0,0.1547456998960115,0.4054306400532367,0.49244394106673994,0.1547456998960115,2,1674432,13104,0.0
oracle-portfolio-v0.1,CASCADE:MAP_D1024_FAST->BCF_NATIVE->MAP_D1024_ROBUST->MAP_D512_FAST,LAZY_FALLBACK_VIEW,FINAL_ALL,256,1.0,1.0,0.0,0.0,0.032103449979331344,0.26680470010614954,0.4314699500275304,0.045416949957143515,1.5625,806436,12681,0.013387161720402219
oracle-portfolio-v0.1,CASCADE:MAP_D1024_FAST->BCF_NATIVE->MAP_D1024_ROBUST->MAP_D512_FAST,LAZY_FALLBACK_VIEW,FINAL_NON_EASY,192,1.0,1.0,0.0,0.0,0.04519470006925985,0.32146063998807195,0.46001135303056806,0.06051739997928962,1.75,993168,12772,0.0173966703126401
oracle-portfolio-v0.1,CASCADE:MAP_D1024_FAST->BCF_NATIVE->MAP_D1024_ROBUST->MAP_D512_FAST,LAZY_FALLBACK_VIEW,u1_easy_anchor,64,1.0,1.0,0.0,0.0,0.0027905499446205795,0.0048219950054772176,0.008234908956801503,0.004061799903865904,1,246240,12408,0.0013586359436885687
oracle-portfolio-v0.1,CASCADE:MAP_D1024_FAST->BCF_NATIVE->MAP_D1024_ROBUST->MAP_D512_FAST,LAZY_FALLBACK_VIEW,u1_boundary_1,64,1.0,1.0,0.0,0.0,0.009144850017037243,0.05227054005372336,0.06833029107889158,0.011417149973567575,1.46875,541728,12552,0.00773572499929287
oracle-portfolio-v0.1,CASCADE:MAP_D1024_FAST->BCF_NATIVE->MAP_D1024_ROBUST->MAP_D512_FAST,LAZY_FALLBACK_VIEW,u1_boundary_2,64,1.0,1.0,0.0,0.0,0.040345449990127236,0.10749246008344923,0.1834956948598846,0.054659899964462966,1.78125,763344,12660,0.013886898446799023
oracle-portfolio-v0.1,CASCADE:MAP_D1024_FAST->BCF_NATIVE->MAP_D1024_ROBUST->MAP_D512_FAST,LAZY_FALLBACK_VIEW,u1_separation_anchor,64,1.0,1.0,0.0,0.0,0.1547456998960115,0.4054306400532367,0.49244394106673994,0.18518454988952726,2,1674432,13104,0.030567387491828413
oracle-portfolio-v0.1,CASCADE:MAP_D1024_ROBUST->MAP_D512_FAST->MAP_D1024_FAST->BCF_NATIVE,PREMATERIALIZED_ALL_VIEWS,FINAL_ALL,256,1.0,1.0,0.0,0.0,0.06568244996014982,0.46003497508354485,0.5771758800488891,0.06568244996014982,2.30078125,806436,12681,0.0
oracle-portfolio-v0.1,CASCADE:MAP_D1024_ROBUST->MAP_D512_FAST->MAP_D1024_FAST->BCF_NATIVE,PREMATERIALIZED_ALL_VIEWS,FINAL_NON_EASY,192,1.0,1.0,0.0,0.0,0.10614404990337789,0.47877781490678883,0.6066771030286329,0.10614404990337789,2.6145833333333335,993168,12772,0.0
oracle-portfolio-v0.1,CASCADE:MAP_D1024_ROBUST->MAP_D512_FAST->MAP_D1024_FAST->BCF_NATIVE,PREMATERIALIZED_ALL_VIEWS,u1_easy_anchor,64,1.0,1.0,0.0,0.0,0.021241700102109462,0.03896115513052789,0.07450297011993823,0.021241700102109462,1.359375,246240,12408,0.0
oracle-portfolio-v0.1,CASCADE:MAP_D1024_ROBUST->MAP_D512_FAST->MAP_D1024_FAST->BCF_NATIVE,PREMATERIALIZED_ALL_VIEWS,u1_boundary_1,64,1.0,1.0,0.0,0.0,0.04353035008534789,0.10177733004675245,0.1922698160493746,0.04353035008534789,1.625,541728,12552,0.0
oracle-portfolio-v0.1,CASCADE:MAP_D1024_ROBUST->MAP_D512_FAST->MAP_D1024_FAST->BCF_NATIVE,PREMATERIALIZED_ALL_VIEWS,u1_boundary_2,64,1.0,1.0,0.0,0.0,0.09427215001778677,0.22354642499121816,0.2948547218390739,0.09427215001778677,2.21875,763344,12660,0.0
oracle-portfolio-v0.1,CASCADE:MAP_D1024_ROBUST->MAP_D512_FAST->MAP_D1024_FAST->BCF_NATIVE,PREMATERIALIZED_ALL_VIEWS,u1_separation_anchor,64,1.0,1.0,0.0,0.0,0.3071851499262266,0.553724670066731,0.6484424870461225,0.3071851499262266,4,1674432,13104,0.0
oracle-portfolio-v0.1,CASCADE:MAP_D1024_ROBUST->MAP_D512_FAST->MAP_D1024_FAST->BCF_NATIVE,LAZY_FALLBACK_VIEW,FINAL_ALL,256,1.0,1.0,0.0,0.0,0.06568244996014982,0.46003497508354485,0.5771758800488891,0.06886695011053234,2.30078125,806436,12681,0.01189058554427902
oracle-portfolio-v0.1,CASCADE:MAP_D1024_ROBUST->MAP_D512_FAST->MAP_D1024_FAST->BCF_NATIVE,LAZY_FALLBACK_VIEW,FINAL_NON_EASY,192,1.0,1.0,0.0,0.0,0.10614404990337789,0.47877781490678883,0.6066771030286329,0.11229090014239773,2.6145833333333335,993168,12772,0.01528828280728097
oracle-portfolio-v0.1,CASCADE:MAP_D1024_ROBUST->MAP_D512_FAST->MAP_D1024_FAST->BCF_NATIVE,LAZY_FALLBACK_VIEW,u1_easy_anchor,64,1.0,1.0,0.0,0.0,0.021241700102109462,0.03896115513052789,0.07450297011993823,0.022769449977204204,1.359375,246240,12408,0.0016974937552731717
oracle-portfolio-v0.1,CASCADE:MAP_D1024_ROBUST->MAP_D512_FAST->MAP_D1024_FAST->BCF_NATIVE,LAZY_FALLBACK_VIEW,u1_boundary_1,64,1.0,1.0,0.0,0.0,0.04353035008534789,0.10177733004675245,0.1922698160493746,0.04621095006586984,1.625,541728,12552,0.0037538562501140404
oracle-portfolio-v0.1,CASCADE:MAP_D1024_ROBUST->MAP_D512_FAST->MAP_D1024_FAST->BCF_NATIVE,LAZY_FALLBACK_VIEW,u1_boundary_2,64,1.0,1.0,0.0,0.0,0.09427215001778677,0.22354642499121816,0.2948547218390739,0.09803985006874427,2.21875,763344,12660,0.008089590626696008
oracle-portfolio-v0.1,CASCADE:MAP_D1024_ROBUST->MAP_D512_FAST->MAP_D1024_FAST->BCF_NATIVE,LAZY_FALLBACK_VIEW,u1_separation_anchor,64,1.0,1.0,0.0,0.0,0.3071851499262266,0.553724670066731,0.6484424870461225,0.3393158998223953,4,1674432,13104,0.03402140154503286
oracle-portfolio-v0.1,CASCADE:MAP_D1024_ROBUST->MAP_D512_FAST->BCF_NATIVE->MAP_D1024_FAST,PREMATERIALIZED_ALL_VIEWS,FINAL_ALL,256,1.0,1.0,0.0,0.0,0.06740364996949211,0.423213625093922,0.5653112800675439,0.06740364996949211,1.94140625,806436,12681,0.0
oracle-portfolio-v0.1,CASCADE:MAP_D1024_ROBUST->MAP_D512_FAST->BCF_NATIVE->MAP_D1024_FAST,PREMATERIALIZED_ALL_VIEWS,FINAL_NON_EASY,192,1.0,1.0,0.0,0.0,0.10349439998390153,0.46775233992957505,0.5965679260960316,0.10349439998390153,2.1354166666666665,993168,12772,0.0
oracle-portfolio-v0.1,CASCADE:MAP_D1024_ROBUST->MAP_D512_FAST->BCF_NATIVE->MAP_D1024_FAST,PREMATERIALIZED_ALL_VIEWS,u1_easy_anchor,64,1.0,1.0,0.0,0.0,0.021241700102109462,0.041418005008017636,0.07450297011993823,0.021241700102109462,1.359375,246240,12408,0.0
oracle-portfolio-v0.1,CASCADE:MAP_D1024_ROBUST->MAP_D512_FAST->BCF_NATIVE->MAP_D1024_FAST,PREMATERIALIZED_ALL_VIEWS,u1_boundary_1,64,1.0,1.0,0.0,0.0,0.04434089997084811,0.10009092504042193,0.1922698160493746,0.04434089997084811,1.53125,541728,12552,0.0
oracle-portfolio-v0.1,CASCADE:MAP_D1024_ROBUST->MAP_D512_FAST->BCF_NATIVE->MAP_D1024_FAST,PREMATERIALIZED_ALL_VIEWS,u1_boundary_2,64,1.0,1.0,0.0,0.0,0.0998613002593629,0.20443936003139232,0.3189579548721667,0.0998613002593629,1.875,763344,12660,0.0
oracle-portfolio-v0.1,CASCADE:MAP_D1024_ROBUST->MAP_D512_FAST->BCF_NATIVE->MAP_D1024_FAST,PREMATERIALIZED_ALL_VIEWS,u1_separation_anchor,64,1.0,1.0,0.0,0.0,0.29335839999839664,0.53994458502857,0.6361197430174798,0.29335839999839664,3,1674432,13104,0.0
oracle-portfolio-v0.1,CASCADE:MAP_D1024_ROBUST->MAP_D512_FAST->BCF_NATIVE->MAP_D1024_FAST,LAZY_FALLBACK_VIEW,FINAL_ALL,256,1.0,1.0,0.0,0.0,0.06740364996949211,0.423213625093922,0.5653112800675439,0.07426345004932955,1.94140625,806436,12681,0.01250206484201044
oracle-portfolio-v0.1,CASCADE:MAP_D1024_ROBUST->MAP_D512_FAST->BCF_NATIVE->MAP_D1024_FAST,LAZY_FALLBACK_VIEW,FINAL_NON_EASY,192,1.0,1.0,0.0,0.0,0.10349439998390153,0.46775233992957505,0.5965679260960316,0.11677214998053387,2.1354166666666665,993168,12772,0.015983257287492354
oracle-portfolio-v0.1,CASCADE:MAP_D1024_ROBUST->MAP_D512_FAST->BCF_NATIVE->MAP_D1024_FAST,LAZY_FALLBACK_VIEW,u1_easy_anchor,64,1.0,1.0,0.0,0.0,0.021241700102109462,0.041418005008017636,0.07450297011993823,0.022769449977204204,1.359375,246240,12408,0.002058487505564699
oracle-portfolio-v0.1,CASCADE:MAP_D1024_ROBUST->MAP_D512_FAST->BCF_NATIVE->MAP_D1024_FAST,LAZY_FALLBACK_VIEW,u1_boundary_1,64,1.0,1.0,0.0,0.0,0.04434089997084811,0.10009092504042193,0.1922698160493746,0.04659524996532127,1.53125,541728,12552,0.004748312499941676
oracle-portfolio-v0.1,CASCADE:MAP_D1024_ROBUST->MAP_D512_FAST->BCF_NATIVE->MAP_D1024_FAST,LAZY_FALLBACK_VIEW,u1_boundary_2,64,1.0,1.0,0.0,0.0,0.0998613002593629,0.20443936003139232,0.3189579548721667,0.11053005000576377,1.875,763344,12660,0.00918005781750253
oracle-portfolio-v0.1,CASCADE:MAP_D1024_ROBUST->MAP_D512_FAST->BCF_NATIVE->MAP_D1024_FAST,LAZY_FALLBACK_VIEW,u1_separation_anchor,64,1.0,1.0,0.0,0.0,0.29335839999839664,0.53994458502857,0.6361197430174798,0.3257652497268282,3,1674432,13104,0.03402140154503286
oracle-portfolio-v0.1,CASCADE:MAP_D1024_ROBUST->MAP_D1024_FAST->MAP_D512_FAST->BCF_NATIVE,PREMATERIALIZED_ALL_VIEWS,FINAL_ALL,256,1.0,1.0,0.0,0.0,0.0636392500018701,0.46003497508354485,0.5771758800488891,0.0636392500018701,2.24609375,806436,12681,0.0
oracle-portfolio-v0.1,CASCADE:MAP_D1024_ROBUST->MAP_D1024_FAST->MAP_D512_FAST->BCF_NATIVE,PREMATERIALIZED_ALL_VIEWS,FINAL_NON_EASY,192,1.0,1.0,0.0,0.0,0.10691355000017211,0.47877781490678883,0.6066771030286329,0.10691355000017211,2.5625,993168,12772,0.0
oracle-portfolio-v0.1,CASCADE:MAP_D1024_ROBUST->MAP_D1024_FAST->MAP_D512_FAST->BCF_NATIVE,PREMATERIALIZED_ALL_VIEWS,u1_easy_anchor,64,1.0,1.0,0.0,0.0,0.021355200035031885,0.0397572750807739,0.07482768213725646,0.021355200035031885,1.296875,246240,12408,0.0
oracle-portfolio-v0.1,CASCADE:MAP_D1024_ROBUST->MAP_D1024_FAST->MAP_D512_FAST->BCF_NATIVE,PREMATERIALIZED_ALL_VIEWS,u1_boundary_1,64,1.0,1.0,0.0,0.0,0.04257465008413419,0.11685318504460146,0.1990400481154211,0.04257465008413419,1.5625,541728,12552,0.0
oracle-portfolio-v0.1,CASCADE:MAP_D1024_ROBUST->MAP_D1024_FAST->MAP_D512_FAST->BCF_NATIVE,PREMATERIALIZED_ALL_VIEWS,u1_boundary_2,64,1.0,1.0,0.0,0.0,0.09102435002569109,0.22354642499121816,0.2948547218390739,0.09102435002569109,2.125,763344,12660,0.0
oracle-portfolio-v0.1,CASCADE:MAP_D1024_ROBUST->MAP_D1024_FAST->MAP_D512_FAST->BCF_NATIVE,PREMATERIALIZED_ALL_VIEWS,u1_separation_anchor,64,1.0,1.0,0.0,0.0,0.3071851499262266,0.553724670066731,0.6484424870461225,0.3071851499262266,4,1674432,13104,0.0
oracle-portfolio-v0.1,CASCADE:MAP_D1024_ROBUST->MAP_D1024_FAST->MAP_D512_FAST->BCF_NATIVE,LAZY_FALLBACK_VIEW,FINAL_ALL,256,1.0,1.0,0.0,0.0,0.0636392500018701,0.46003497508354485,0.5771758800488891,0.06752530008088797,2.24609375,806436,12681,0.011686198826282634
oracle-portfolio-v0.1,CASCADE:MAP_D1024_ROBUST->MAP_D1024_FAST->MAP_D512_FAST->BCF_NATIVE,LAZY_FALLBACK_VIEW,FINAL_NON_EASY,192,1.0,1.0,0.0,0.0,0.10691355000017211,0.47877781490678883,0.6066771030286329,0.11684570013312623,2.5625,993168,12772,0.015128719787147324
oracle-portfolio-v0.1,CASCADE:MAP_D1024_ROBUST->MAP_D1024_FAST->MAP_D512_FAST->BCF_NATIVE,LAZY_FALLBACK_VIEW,u1_easy_anchor,64,1.0,1.0,0.0,0.0,0.021355200035031885,0.0397572750807739,0.07482768213725646,0.022598400013521314,1.296875,246240,12408,0.0013586359436885687
oracle-portfolio-v0.1,CASCADE:MAP_D1024_ROBUST->MAP_D1024_FAST->MAP_D512_FAST->BCF_NATIVE,LAZY_FALLBACK_VIEW,u1_boundary_1,64,1.0,1.0,0.0,0.0,0.04257465008413419,0.11685318504460146,0.1990400481154211,0.04487040016101673,1.5625,541728,12552,0.0034589593760756543
oracle-portfolio-v0.1,CASCADE:MAP_D1024_ROBUST->MAP_D1024_FAST->MAP_D512_FAST->BCF_NATIVE,LAZY_FALLBACK_VIEW,u1_boundary_2,64,1.0,1.0,0.0,0.0,0.09102435002569109,0.22354642499121816,0.2948547218390739,0.09468690003268421,2.125,763344,12660,0.007905798440333456
oracle-portfolio-v0.1,CASCADE:MAP_D1024_ROBUST->MAP_D1024_FAST->MAP_D512_FAST->BCF_NATIVE,LAZY_FALLBACK_VIEW,u1_separation_anchor,64,1.0,1.0,0.0,0.0,0.3071851499262266,0.553724670066731,0.6484424870461225,0.3393158998223953,4,1674432,13104,0.03402140154503286
oracle-portfolio-v0.1,CASCADE:MAP_D1024_ROBUST->MAP_D1024_FAST->BCF_NATIVE->MAP_D512_FAST,PREMATERIALIZED_ALL_VIEWS,FINAL_ALL,256,1.0,1.0,0.0,0.0,0.060117149900179356,0.4483494250162039,0.5659952900430648,0.060117149900179356,1.88671875,806436,12681,0.0
oracle-portfolio-v0.1,CASCADE:MAP_D1024_ROBUST->MAP_D1024_FAST->BCF_NATIVE->MAP_D512_FAST,PREMATERIALIZED_ALL_VIEWS,FINAL_NON_EASY,192,1.0,1.0,0.0,0.0,0.10319660004461184,0.4685827249020803,0.5961179100174924,0.10319660004461184,2.0833333333333335,993168,12772,0.0
oracle-portfolio-v0.1,CASCADE:MAP_D1024_ROBUST->MAP_D1024_FAST->BCF_NATIVE->MAP_D512_FAST,PREMATERIALIZED_ALL_VIEWS,u1_easy_anchor,64,1.0,1.0,0.0,0.0,0.021355200035031885,0.0397572750807739,0.07482768213725646,0.021355200035031885,1.296875,246240,12408,0.0
oracle-portfolio-v0.1,CASCADE:MAP_D1024_ROBUST->MAP_D1024_FAST->BCF_NATIVE->MAP_D512_FAST,PREMATERIALIZED_ALL_VIEWS,u1_boundary_1,64,1.0,1.0,0.0,0.0,0.04257465008413419,0.11685318504460146,0.2108990560367237,0.04257465008413419,1.46875,541728,12552,0.0
oracle-portfolio-v0.1,CASCADE:MAP_D1024_ROBUST->MAP_D1024_FAST->BCF_NATIVE->MAP_D512_FAST,PREMATERIALIZED_ALL_VIEWS,u1_boundary_2,64,1.0,1.0,0.0,0.0,0.09102435002569109,0.18855328007484784,0.2882937758264596,0.09102435002569109,1.78125,763344,12660,0.0
oracle-portfolio-v0.1,CASCADE:MAP_D1024_ROBUST->MAP_D1024_FAST->BCF_NATIVE->MAP_D512_FAST,PREMATERIALIZED_ALL_VIEWS,u1_separation_anchor,64,1.0,1.0,0.0,0.0,0.29317399981664494,0.5420458400738425,0.6392961760552134,0.29317399981664494,3,1674432,13104,0.0
oracle-portfolio-v0.1,CASCADE:MAP_D1024_ROBUST->MAP_D1024_FAST->BCF_NATIVE->MAP_D512_FAST,LAZY_FALLBACK_VIEW,FINAL_ALL,256,1.0,1.0,0.0,0.0,0.060117149900179356,0.4483494250162039,0.5659952900430648,0.06861244997708127,1.88671875,806436,12681,0.010720768749706622
oracle-portfolio-v0.1,CASCADE:MAP_D1024_ROBUST->MAP_D1024_FAST->BCF_NATIVE->MAP_D512_FAST,LAZY_FALLBACK_VIEW,FINAL_NON_EASY,192,1.0,1.0,0.0,0.0,0.10319660004461184,0.4685827249020803,0.5961179100174924,0.10992125002667308,2.0833333333333335,993168,12772,0.013841479685045973
oracle-portfolio-v0.1,CASCADE:MAP_D1024_ROBUST->MAP_D1024_FAST->BCF_NATIVE->MAP_D512_FAST,LAZY_FALLBACK_VIEW,u1_easy_anchor,64,1.0,1.0,0.0,0.0,0.021355200035031885,0.0397572750807739,0.07482768213725646,0.022598400013521314,1.296875,246240,12408,0.0013586359436885687
oracle-portfolio-v0.1,CASCADE:MAP_D1024_ROBUST->MAP_D1024_FAST->BCF_NATIVE->MAP_D512_FAST,LAZY_FALLBACK_VIEW,u1_boundary_1,64,1.0,1.0,0.0,0.0,0.04257465008413419,0.11685318504460146,0.2108990560367237,0.04487040016101673,1.46875,541728,12552,0.003712067184096668
oracle-portfolio-v0.1,CASCADE:MAP_D1024_ROBUST->MAP_D1024_FAST->BCF_NATIVE->MAP_D512_FAST,LAZY_FALLBACK_VIEW,u1_boundary_2,64,1.0,1.0,0.0,0.0,0.09102435002569109,0.18855328007484784,0.2882937758264596,0.09468690003268421,1.78125,763344,12660,0.007244984379212838
oracle-portfolio-v0.1,CASCADE:MAP_D1024_ROBUST->MAP_D1024_FAST->BCF_NATIVE->MAP_D512_FAST,LAZY_FALLBACK_VIEW,u1_separation_anchor,64,1.0,1.0,0.0,0.0,0.29317399981664494,0.5420458400738425,0.6392961760552134,0.3225990498322062,3,1674432,13104,0.030567387491828413
oracle-portfolio-v0.1,CASCADE:MAP_D1024_ROBUST->BCF_NATIVE->MAP_D512_FAST->MAP_D1024_FAST,PREMATERIALIZED_ALL_VIEWS,FINAL_ALL,256,1.0,1.0,0.0,0.0,0.06584260007366538,0.41172767503303476,0.5541306900617196,0.06584260007366538,1.515625,806436,12681,0.0
oracle-portfolio-v0.1,CASCADE:MAP_D1024_ROBUST->BCF_NATIVE->MAP_D512_FAST->MAP_D1024_FAST,PREMATERIALIZED_ALL_VIEWS,FINAL_NON_EASY,192,1.0,1.0,0.0,0.0,0.0991771500557661,0.45755724992486646,0.5860087330848911,0.0991771500557661,1.5885416666666667,993168,12772,0.0
oracle-portfolio-v0.1,CASCADE:MAP_D1024_ROBUST->BCF_NATIVE->MAP_D512_FAST->MAP_D1024_FAST,PREMATERIALIZED_ALL_VIEWS,u1_easy_anchor,64,1.0,1.0,0.0,0.0,0.02206450019730255,0.04401984004070978,0.0788572041515726,0.02206450019730255,1.296875,246240,12408,0.0
oracle-portfolio-v0.1,CASCADE:MAP_D1024_ROBUST->BCF_NATIVE->MAP_D512_FAST->MAP_D1024_FAST,PREMATERIALIZED_ALL_VIEWS,u1_boundary_1,64,1.0,1.0,0.0,0.0,0.046164800005499274,0.11545612011104804,0.20692288799793457,0.046164800005499274,1.328125,541728,12552,0.0
oracle-portfolio-v0.1,CASCADE:MAP_D1024_ROBUST->BCF_NATIVE->MAP_D512_FAST->MAP_D1024_FAST,PREMATERIALIZED_ALL_VIEWS,u1_boundary_2,64,1.0,1.0,0.0,0.0,0.09111705009127036,0.18722714507021002,0.30744621693273066,0.09111705009127036,1.4375,763344,12660,0.0
oracle-portfolio-v0.1,CASCADE:MAP_D1024_ROBUST->BCF_NATIVE->MAP_D512_FAST->MAP_D1024_FAST,PREMATERIALIZED_ALL_VIEWS,u1_separation_anchor,64,1.0,1.0,0.0,0.0,0.28332709975074977,0.5282866350375115,0.6269734320265706,0.28332709975074977,2,1674432,13104,0.0
oracle-portfolio-v0.1,CASCADE:MAP_D1024_ROBUST->BCF_NATIVE->MAP_D512_FAST->MAP_D1024_FAST,LAZY_FALLBACK_VIEW,FINAL_ALL,256,1.0,1.0,0.0,0.0,0.06584260007366538,0.41172767503303476,0.5541306900617196,0.07314690010389313,1.515625,806436,12681,0.011888774219187326
oracle-portfolio-v0.1,CASCADE:MAP_D1024_ROBUST->BCF_NATIVE->MAP_D512_FAST->MAP_D1024_FAST,LAZY_FALLBACK_VIEW,FINAL_NON_EASY,192,1.0,1.0,0.0,0.0,0.0991771500557661,0.45755724992486646,0.5860087330848911,0.10992125002667308,1.5885416666666667,993168,12772,0.014875263541398454
oracle-portfolio-v0.1,CASCADE:MAP_D1024_ROBUST->BCF_NATIVE->MAP_D512_FAST->MAP_D1024_FAST,LAZY_FALLBACK_VIEW,u1_easy_anchor,64,1.0,1.0,0.0,0.0,0.02206450019730255,0.04401984004070978,0.0788572041515726,0.02363920019706711,1.296875,246240,12408,0.0029293062525539426
oracle-portfolio-v0.1,CASCADE:MAP_D1024_ROBUST->BCF_NATIVE->MAP_D512_FAST->MAP_D1024_FAST,LAZY_FALLBACK_VIEW,u1_boundary_1,64,1.0,1.0,0.0,0.0,0.046164800005499274,0.11545612011104804,0.20692288799793457,0.04893790010828525,1.328125,541728,12552,0.005722951562347589
oracle-portfolio-v0.1,CASCADE:MAP_D1024_ROBUST->BCF_NATIVE->MAP_D512_FAST->MAP_D1024_FAST,LAZY_FALLBACK_VIEW,u1_boundary_2,64,1.0,1.0,0.0,0.0,0.09111705009127036,0.18722714507021002,0.30744621693273066,0.10457695001969114,1.4375,763344,12660,0.008335451570019359
oracle-portfolio-v0.1,CASCADE:MAP_D1024_ROBUST->BCF_NATIVE->MAP_D512_FAST->MAP_D1024_FAST,LAZY_FALLBACK_VIEW,u1_separation_anchor,64,1.0,1.0,0.0,0.0,0.28332709975074977,0.5282866350375115,0.6269734320265706,0.3119780999259092,2,1674432,13104,0.030567387491828413
oracle-portfolio-v0.1,CASCADE:MAP_D1024_ROBUST->BCF_NATIVE->MAP_D1024_FAST->MAP_D512_FAST,PREMATERIALIZED_ALL_VIEWS,FINAL_ALL,256,1.0,1.0,0.0,0.0,0.06584260007366538,0.41172767503303476,0.5541306900617196,0.06584260007366538,1.515625,806436,12681,0.0
oracle-portfolio-v0.1,CASCADE:MAP_D1024_ROBUST->BCF_NATIVE->MAP_D1024_FAST->MAP_D512_FAST,PREMATERIALIZED_ALL_VIEWS,FINAL_NON_EASY,192,1.0,1.0,0.0,0.0,0.0991771500557661,0.45755724992486646,0.5860087330848911,0.0991771500557661,1.5885416666666667,993168,12772,0.0
oracle-portfolio-v0.1,CASCADE:MAP_D1024_ROBUST->BCF_NATIVE->MAP_D1024_FAST->MAP_D512_FAST,PREMATERIALIZED_ALL_VIEWS,u1_easy_anchor,64,1.0,1.0,0.0,0.0,0.02206450019730255,0.04401984004070978,0.0788572041515726,0.02206450019730255,1.296875,246240,12408,0.0
oracle-portfolio-v0.1,CASCADE:MAP_D1024_ROBUST->BCF_NATIVE->MAP_D1024_FAST->MAP_D512_FAST,PREMATERIALIZED_ALL_VIEWS,u1_boundary_1,64,1.0,1.0,0.0,0.0,0.046164800005499274,0.11545612011104804,0.20692288799793457,0.046164800005499274,1.328125,541728,12552,0.0
oracle-portfolio-v0.1,CASCADE:MAP_D1024_ROBUST->BCF_NATIVE->MAP_D1024_FAST->MAP_D512_FAST,PREMATERIALIZED_ALL_VIEWS,u1_boundary_2,64,1.0,1.0,0.0,0.0,0.09111705009127036,0.18722714507021002,0.30744621693273066,0.09111705009127036,1.4375,763344,12660,0.0
oracle-portfolio-v0.1,CASCADE:MAP_D1024_ROBUST->BCF_NATIVE->MAP_D1024_FAST->MAP_D512_FAST,PREMATERIALIZED_ALL_VIEWS,u1_separation_anchor,64,1.0,1.0,0.0,0.0,0.28332709975074977,0.5282866350375115,0.6269734320265706,0.28332709975074977,2,1674432,13104,0.0
oracle-portfolio-v0.1,CASCADE:MAP_D1024_ROBUST->BCF_NATIVE->MAP_D1024_FAST->MAP_D512_FAST,LAZY_FALLBACK_VIEW,FINAL_ALL,256,1.0,1.0,0.0,0.0,0.06584260007366538,0.41172767503303476,0.5541306900617196,0.07314690010389313,1.515625,806436,12681,0.011888774219187326
oracle-portfolio-v0.1,CASCADE:MAP_D1024_ROBUST->BCF_NATIVE->MAP_D1024_FAST->MAP_D512_FAST,LAZY_FALLBACK_VIEW,FINAL_NON_EASY,192,1.0,1.0,0.0,0.0,0.0991771500557661,0.45755724992486646,0.5860087330848911,0.10992125002667308,1.5885416666666667,993168,12772,0.014875263541398454
oracle-portfolio-v0.1,CASCADE:MAP_D1024_ROBUST->BCF_NATIVE->MAP_D1024_FAST->MAP_D512_FAST,LAZY_FALLBACK_VIEW,u1_easy_anchor,64,1.0,1.0,0.0,0.0,0.02206450019730255,0.04401984004070978,0.0788572041515726,0.02363920019706711,1.296875,246240,12408,0.0029293062525539426
oracle-portfolio-v0.1,CASCADE:MAP_D1024_ROBUST->BCF_NATIVE->MAP_D1024_FAST->MAP_D512_FAST,LAZY_FALLBACK_VIEW,u1_boundary_1,64,1.0,1.0,0.0,0.0,0.046164800005499274,0.11545612011104804,0.20692288799793457,0.04893790010828525,1.328125,541728,12552,0.005722951562347589
oracle-portfolio-v0.1,CASCADE:MAP_D1024_ROBUST->BCF_NATIVE->MAP_D1024_FAST->MAP_D512_FAST,LAZY_FALLBACK_VIEW,u1_boundary_2,64,1.0,1.0,0.0,0.0,0.09111705009127036,0.18722714507021002,0.30744621693273066,0.10457695001969114,1.4375,763344,12660,0.008335451570019359
oracle-portfolio-v0.1,CASCADE:MAP_D1024_ROBUST->BCF_NATIVE->MAP_D1024_FAST->MAP_D512_FAST,LAZY_FALLBACK_VIEW,u1_separation_anchor,64,1.0,1.0,0.0,0.0,0.28332709975074977,0.5282866350375115,0.6269734320265706,0.3119780999259092,2,1674432,13104,0.030567387491828413
oracle-portfolio-v0.1,CASCADE:BCF_NATIVE->MAP_D512_FAST->MAP_D1024_FAST->MAP_D1024_ROBUST,PREMATERIALIZED_ALL_VIEWS,FINAL_ALL,256,1.0,1.0,0.0,0.0,0.02688990003662184,0.2463930000376422,0.41960535004618515,0.02688990003662184,1,806436,12681,0.0
oracle-portfolio-v0.1,CASCADE:BCF_NATIVE->MAP_D512_FAST->MAP_D1024_FAST->MAP_D1024_ROBUST,PREMATERIALIZED_ALL_VIEWS,FINAL_NON_EASY,192,1.0,1.0,0.0,0.0,0.03716815001098439,0.3120532050204926,0.450110868094489,0.03716815001098439,1,993168,12772,0.0
oracle-portfolio-v0.1,CASCADE:BCF_NATIVE->MAP_D512_FAST->MAP_D1024_FAST->MAP_D1024_ROBUST,PREMATERIALIZED_ALL_VIEWS,u1_easy_anchor,64,1.0,1.0,0.0,0.0,0.013212850084528327,0.01859634002903476,0.061423314022831445,0.013212850084528327,1,246240,12408,0.0
oracle-portfolio-v0.1,CASCADE:BCF_NATIVE->MAP_D512_FAST->MAP_D1024_FAST->MAP_D1024_ROBUST,PREMATERIALIZED_ALL_VIEWS,u1_boundary_1,64,1.0,1.0,0.0,0.0,0.02341949997935444,0.038406829989980906,0.05529815494082864,0.02341949997935444,1,541728,12552,0.0
oracle-portfolio-v0.1,CASCADE:BCF_NATIVE->MAP_D512_FAST->MAP_D1024_FAST->MAP_D1024_ROBUST,PREMATERIALIZED_ALL_VIEWS,u1_boundary_2,64,1.0,1.0,0.0,0.0,0.035236099967733026,0.09603107490693218,0.1738031959475483,0.035236099967733026,1,763344,12660,0.0
oracle-portfolio-v0.1,CASCADE:BCF_NATIVE->MAP_D512_FAST->MAP_D1024_FAST->MAP_D1024_ROBUST,PREMATERIALIZED_ALL_VIEWS,u1_separation_anchor,64,1.0,1.0,0.0,0.0,0.14234544994542375,0.3913817700115031,0.4807240850280503,0.14234544994542375,1,1674432,13104,0.0
oracle-portfolio-v0.1,CASCADE:BCF_NATIVE->MAP_D512_FAST->MAP_D1024_FAST->MAP_D1024_ROBUST,LAZY_FALLBACK_VIEW,FINAL_ALL,256,1.0,1.0,0.0,0.0,0.02688990003662184,0.2463930000376422,0.41960535004618515,0.03827139997156337,1,806436,12681,0.013795396094792522
oracle-portfolio-v0.1,CASCADE:BCF_NATIVE->MAP_D512_FAST->MAP_D1024_FAST->MAP_D1024_ROBUST,LAZY_FALLBACK_VIEW,FINAL_NON_EASY,192,1.0,1.0,0.0,0.0,0.03716815001098439,0.3120532050204926,0.450110868094489,0.0502768000587821,1,993168,12772,0.01664245677481328
oracle-portfolio-v0.1,CASCADE:BCF_NATIVE->MAP_D512_FAST->MAP_D1024_FAST->MAP_D1024_ROBUST,LAZY_FALLBACK_VIEW,u1_easy_anchor,64,1.0,1.0,0.0,0.0,0.013212850084528327,0.01859634002903476,0.061423314022831445,0.018488800094928592,1,246240,12408,0.005254214054730255
oracle-portfolio-v0.1,CASCADE:BCF_NATIVE->MAP_D512_FAST->MAP_D1024_FAST->MAP_D1024_ROBUST,LAZY_FALLBACK_VIEW,u1_boundary_1,64,1.0,1.0,0.0,0.0,0.02341949997935444,0.038406829989980906,0.05529815494082864,0.032768999924883246,1,541728,12552,0.010520531248403131
oracle-portfolio-v0.1,CASCADE:BCF_NATIVE->MAP_D512_FAST->MAP_D1024_FAST->MAP_D1024_ROBUST,LAZY_FALLBACK_VIEW,u1_boundary_2,64,1.0,1.0,0.0,0.0,0.035236099967733026,0.09603107490693218,0.1738031959475483,0.04734554997412488,1,763344,12660,0.014767848444535048
oracle-portfolio-v0.1,CASCADE:BCF_NATIVE->MAP_D512_FAST->MAP_D1024_FAST->MAP_D1024_ROBUST,LAZY_FALLBACK_VIEW,u1_separation_anchor,64,1.0,1.0,0.0,0.0,0.14234544994542375,0.3913817700115031,0.4807240850280503,0.16657399997347966,1,1674432,13104,0.024638990631501656
oracle-portfolio-v0.1,CASCADE:BCF_NATIVE->MAP_D512_FAST->MAP_D1024_ROBUST->MAP_D1024_FAST,PREMATERIALIZED_ALL_VIEWS,FINAL_ALL,256,1.0,1.0,0.0,0.0,0.02688990003662184,0.2463930000376422,0.41960535004618515,0.02688990003662184,1,806436,12681,0.0
oracle-portfolio-v0.1,CASCADE:BCF_NATIVE->MAP_D512_FAST->MAP_D1024_ROBUST->MAP_D1024_FAST,PREMATERIALIZED_ALL_VIEWS,FINAL_NON_EASY,192,1.0,1.0,0.0,0.0,0.03716815001098439,0.3120532050204926,0.450110868094489,0.03716815001098439,1,993168,12772,0.0
oracle-portfolio-v0.1,CASCADE:BCF_NATIVE->MAP_D512_FAST->MAP_D1024_ROBUST->MAP_D1024_FAST,PREMATERIALIZED_ALL_VIEWS,u1_easy_anchor,64,1.0,1.0,0.0,0.0,0.013212850084528327,0.01859634002903476,0.061423314022831445,0.013212850084528327,1,246240,12408,0.0
oracle-portfolio-v0.1,CASCADE:BCF_NATIVE->MAP_D512_FAST->MAP_D1024_ROBUST->MAP_D1024_FAST,PREMATERIALIZED_ALL_VIEWS,u1_boundary_1,64,1.0,1.0,0.0,0.0,0.02341949997935444,0.038406829989980906,0.05529815494082864,0.02341949997935444,1,541728,12552,0.0
oracle-portfolio-v0.1,CASCADE:BCF_NATIVE->MAP_D512_FAST->MAP_D1024_ROBUST->MAP_D1024_FAST,PREMATERIALIZED_ALL_VIEWS,u1_boundary_2,64,1.0,1.0,0.0,0.0,0.035236099967733026,0.09603107490693218,0.1738031959475483,0.035236099967733026,1,763344,12660,0.0
oracle-portfolio-v0.1,CASCADE:BCF_NATIVE->MAP_D512_FAST->MAP_D1024_ROBUST->MAP_D1024_FAST,PREMATERIALIZED_ALL_VIEWS,u1_separation_anchor,64,1.0,1.0,0.0,0.0,0.14234544994542375,0.3913817700115031,0.4807240850280503,0.14234544994542375,1,1674432,13104,0.0
oracle-portfolio-v0.1,CASCADE:BCF_NATIVE->MAP_D512_FAST->MAP_D1024_ROBUST->MAP_D1024_FAST,LAZY_FALLBACK_VIEW,FINAL_ALL,256,1.0,1.0,0.0,0.0,0.02688990003662184,0.2463930000376422,0.41960535004618515,0.03827139997156337,1,806436,12681,0.013795396094792522
oracle-portfolio-v0.1,CASCADE:BCF_NATIVE->MAP_D512_FAST->MAP_D1024_ROBUST->MAP_D1024_FAST,LAZY_FALLBACK_VIEW,FINAL_NON_EASY,192,1.0,1.0,0.0,0.0,0.03716815001098439,0.3120532050204926,0.450110868094489,0.0502768000587821,1,993168,12772,0.01664245677481328
oracle-portfolio-v0.1,CASCADE:BCF_NATIVE->MAP_D512_FAST->MAP_D1024_ROBUST->MAP_D1024_FAST,LAZY_FALLBACK_VIEW,u1_easy_anchor,64,1.0,1.0,0.0,0.0,0.013212850084528327,0.01859634002903476,0.061423314022831445,0.018488800094928592,1,246240,12408,0.005254214054730255
oracle-portfolio-v0.1,CASCADE:BCF_NATIVE->MAP_D512_FAST->MAP_D1024_ROBUST->MAP_D1024_FAST,LAZY_FALLBACK_VIEW,u1_boundary_1,64,1.0,1.0,0.0,0.0,0.02341949997935444,0.038406829989980906,0.05529815494082864,0.032768999924883246,1,541728,12552,0.010520531248403131
oracle-portfolio-v0.1,CASCADE:BCF_NATIVE->MAP_D512_FAST->MAP_D1024_ROBUST->MAP_D1024_FAST,LAZY_FALLBACK_VIEW,u1_boundary_2,64,1.0,1.0,0.0,0.0,0.035236099967733026,0.09603107490693218,0.1738031959475483,0.04734554997412488,1,763344,12660,0.014767848444535048
oracle-portfolio-v0.1,CASCADE:BCF_NATIVE->MAP_D512_FAST->MAP_D1024_ROBUST->MAP_D1024_FAST,LAZY_FALLBACK_VIEW,u1_separation_anchor,64,1.0,1.0,0.0,0.0,0.14234544994542375,0.3913817700115031,0.4807240850280503,0.16657399997347966,1,1674432,13104,0.024638990631501656
oracle-portfolio-v0.1,CASCADE:BCF_NATIVE->MAP_D1024_FAST->MAP_D512_FAST->MAP_D1024_ROBUST,PREMATERIALIZED_ALL_VIEWS,FINAL_ALL,256,1.0,1.0,0.0,0.0,0.02688990003662184,0.2463930000376422,0.41960535004618515,0.02688990003662184,1,806436,12681,0.0
oracle-portfolio-v0.1,CASCADE:BCF_NATIVE->MAP_D1024_FAST->MAP_D512_FAST->MAP_D1024_ROBUST,PREMATERIALIZED_ALL_VIEWS,FINAL_NON_EASY,192,1.0,1.0,0.0,0.0,0.03716815001098439,0.3120532050204926,0.450110868094489,0.03716815001098439,1,993168,12772,0.0
oracle-portfolio-v0.1,CASCADE:BCF_NATIVE->MAP_D1024_FAST->MAP_D512_FAST->MAP_D1024_ROBUST,PREMATERIALIZED_ALL_VIEWS,u1_easy_anchor,64,1.0,1.0,0.0,0.0,0.013212850084528327,0.01859634002903476,0.061423314022831445,0.013212850084528327,1,246240,12408,0.0
oracle-portfolio-v0.1,CASCADE:BCF_NATIVE->MAP_D1024_FAST->MAP_D512_FAST->MAP_D1024_ROBUST,PREMATERIALIZED_ALL_VIEWS,u1_boundary_1,64,1.0,1.0,0.0,0.0,0.02341949997935444,0.038406829989980906,0.05529815494082864,0.02341949997935444,1,541728,12552,0.0
oracle-portfolio-v0.1,CASCADE:BCF_NATIVE->MAP_D1024_FAST->MAP_D512_FAST->MAP_D1024_ROBUST,PREMATERIALIZED_ALL_VIEWS,u1_boundary_2,64,1.0,1.0,0.0,0.0,0.035236099967733026,0.09603107490693218,0.1738031959475483,0.035236099967733026,1,763344,12660,0.0
oracle-portfolio-v0.1,CASCADE:BCF_NATIVE->MAP_D1024_FAST->MAP_D512_FAST->MAP_D1024_ROBUST,PREMATERIALIZED_ALL_VIEWS,u1_separation_anchor,64,1.0,1.0,0.0,0.0,0.14234544994542375,0.3913817700115031,0.4807240850280503,0.14234544994542375,1,1674432,13104,0.0
oracle-portfolio-v0.1,CASCADE:BCF_NATIVE->MAP_D1024_FAST->MAP_D512_FAST->MAP_D1024_ROBUST,LAZY_FALLBACK_VIEW,FINAL_ALL,256,1.0,1.0,0.0,0.0,0.02688990003662184,0.2463930000376422,0.41960535004618515,0.03827139997156337,1,806436,12681,0.013795396094792522
oracle-portfolio-v0.1,CASCADE:BCF_NATIVE->MAP_D1024_FAST->MAP_D512_FAST->MAP_D1024_ROBUST,LAZY_FALLBACK_VIEW,FINAL_NON_EASY,192,1.0,1.0,0.0,0.0,0.03716815001098439,0.3120532050204926,0.450110868094489,0.0502768000587821,1,993168,12772,0.01664245677481328
oracle-portfolio-v0.1,CASCADE:BCF_NATIVE->MAP_D1024_FAST->MAP_D512_FAST->MAP_D1024_ROBUST,LAZY_FALLBACK_VIEW,u1_easy_anchor,64,1.0,1.0,0.0,0.0,0.013212850084528327,0.01859634002903476,0.061423314022831445,0.018488800094928592,1,246240,12408,0.005254214054730255
oracle-portfolio-v0.1,CASCADE:BCF_NATIVE->MAP_D1024_FAST->MAP_D512_FAST->MAP_D1024_ROBUST,LAZY_FALLBACK_VIEW,u1_boundary_1,64,1.0,1.0,0.0,0.0,0.02341949997935444,0.038406829989980906,0.05529815494082864,0.032768999924883246,1,541728,12552,0.010520531248403131
oracle-portfolio-v0.1,CASCADE:BCF_NATIVE->MAP_D1024_FAST->MAP_D512_FAST->MAP_D1024_ROBUST,LAZY_FALLBACK_VIEW,u1_boundary_2,64,1.0,1.0,0.0,0.0,0.035236099967733026,0.09603107490693218,0.1738031959475483,0.04734554997412488,1,763344,12660,0.014767848444535048
oracle-portfolio-v0.1,CASCADE:BCF_NATIVE->MAP_D1024_FAST->MAP_D512_FAST->MAP_D1024_ROBUST,LAZY_FALLBACK_VIEW,u1_separation_anchor,64,1.0,1.0,0.0,0.0,0.14234544994542375,0.3913817700115031,0.4807240850280503,0.16657399997347966,1,1674432,13104,0.024638990631501656
oracle-portfolio-v0.1,CASCADE:BCF_NATIVE->MAP_D1024_FAST->MAP_D1024_ROBUST->MAP_D512_FAST,PREMATERIALIZED_ALL_VIEWS,FINAL_ALL,256,1.0,1.0,0.0,0.0,0.02688990003662184,0.2463930000376422,0.41960535004618515,0.02688990003662184,1,806436,12681,0.0
oracle-portfolio-v0.1,CASCADE:BCF_NATIVE->MAP_D1024_FAST->MAP_D1024_ROBUST->MAP_D512_FAST,PREMATERIALIZED_ALL_VIEWS,FINAL_NON_EASY,192,1.0,1.0,0.0,0.0,0.03716815001098439,0.3120532050204926,0.450110868094489,0.03716815001098439,1,993168,12772,0.0
oracle-portfolio-v0.1,CASCADE:BCF_NATIVE->MAP_D1024_FAST->MAP_D1024_ROBUST->MAP_D512_FAST,PREMATERIALIZED_ALL_VIEWS,u1_easy_anchor,64,1.0,1.0,0.0,0.0,0.013212850084528327,0.01859634002903476,0.061423314022831445,0.013212850084528327,1,246240,12408,0.0
oracle-portfolio-v0.1,CASCADE:BCF_NATIVE->MAP_D1024_FAST->MAP_D1024_ROBUST->MAP_D512_FAST,PREMATERIALIZED_ALL_VIEWS,u1_boundary_1,64,1.0,1.0,0.0,0.0,0.02341949997935444,0.038406829989980906,0.05529815494082864,0.02341949997935444,1,541728,12552,0.0
oracle-portfolio-v0.1,CASCADE:BCF_NATIVE->MAP_D1024_FAST->MAP_D1024_ROBUST->MAP_D512_FAST,PREMATERIALIZED_ALL_VIEWS,u1_boundary_2,64,1.0,1.0,0.0,0.0,0.035236099967733026,0.09603107490693218,0.1738031959475483,0.035236099967733026,1,763344,12660,0.0
oracle-portfolio-v0.1,CASCADE:BCF_NATIVE->MAP_D1024_FAST->MAP_D1024_ROBUST->MAP_D512_FAST,PREMATERIALIZED_ALL_VIEWS,u1_separation_anchor,64,1.0,1.0,0.0,0.0,0.14234544994542375,0.3913817700115031,0.4807240850280503,0.14234544994542375,1,1674432,13104,0.0
oracle-portfolio-v0.1,CASCADE:BCF_NATIVE->MAP_D1024_FAST->MAP_D1024_ROBUST->MAP_D512_FAST,LAZY_FALLBACK_VIEW,FINAL_ALL,256,1.0,1.0,0.0,0.0,0.02688990003662184,0.2463930000376422,0.41960535004618515,0.03827139997156337,1,806436,12681,0.013795396094792522
oracle-portfolio-v0.1,CASCADE:BCF_NATIVE->MAP_D1024_FAST->MAP_D1024_ROBUST->MAP_D512_FAST,LAZY_FALLBACK_VIEW,FINAL_NON_EASY,192,1.0,1.0,0.0,0.0,0.03716815001098439,0.3120532050204926,0.450110868094489,0.0502768000587821,1,993168,12772,0.01664245677481328
oracle-portfolio-v0.1,CASCADE:BCF_NATIVE->MAP_D1024_FAST->MAP_D1024_ROBUST->MAP_D512_FAST,LAZY_FALLBACK_VIEW,u1_easy_anchor,64,1.0,1.0,0.0,0.0,0.013212850084528327,0.01859634002903476,0.061423314022831445,0.018488800094928592,1,246240,12408,0.005254214054730255
oracle-portfolio-v0.1,CASCADE:BCF_NATIVE->MAP_D1024_FAST->MAP_D1024_ROBUST->MAP_D512_FAST,LAZY_FALLBACK_VIEW,u1_boundary_1,64,1.0,1.0,0.0,0.0,0.02341949997935444,0.038406829989980906,0.05529815494082864,0.032768999924883246,1,541728,12552,0.010520531248403131
oracle-portfolio-v0.1,CASCADE:BCF_NATIVE->MAP_D1024_FAST->MAP_D1024_ROBUST->MAP_D512_FAST,LAZY_FALLBACK_VIEW,u1_boundary_2,64,1.0,1.0,0.0,0.0,0.035236099967733026,0.09603107490693218,0.1738031959475483,0.04734554997412488,1,763344,12660,0.014767848444535048
oracle-portfolio-v0.1,CASCADE:BCF_NATIVE->MAP_D1024_FAST->MAP_D1024_ROBUST->MAP_D512_FAST,LAZY_FALLBACK_VIEW,u1_separation_anchor,64,1.0,1.0,0.0,0.0,0.14234544994542375,0.3913817700115031,0.4807240850280503,0.16657399997347966,1,1674432,13104,0.024638990631501656
oracle-portfolio-v0.1,CASCADE:BCF_NATIVE->MAP_D1024_ROBUST->MAP_D512_FAST->MAP_D1024_FAST,PREMATERIALIZED_ALL_VIEWS,FINAL_ALL,256,1.0,1.0,0.0,0.0,0.02688990003662184,0.2463930000376422,0.41960535004618515,0.02688990003662184,1,806436,12681,0.0
oracle-portfolio-v0.1,CASCADE:BCF_NATIVE->MAP_D1024_ROBUST->MAP_D512_FAST->MAP_D1024_FAST,PREMATERIALIZED_ALL_VIEWS,FINAL_NON_EASY,192,1.0,1.0,0.0,0.0,0.03716815001098439,0.3120532050204926,0.450110868094489,0.03716815001098439,1,993168,12772,0.0
oracle-portfolio-v0.1,CASCADE:BCF_NATIVE->MAP_D1024_ROBUST->MAP_D512_FAST->MAP_D1024_FAST,PREMATERIALIZED_ALL_VIEWS,u1_easy_anchor,64,1.0,1.0,0.0,0.0,0.013212850084528327,0.01859634002903476,0.061423314022831445,0.013212850084528327,1,246240,12408,0.0
oracle-portfolio-v0.1,CASCADE:BCF_NATIVE->MAP_D1024_ROBUST->MAP_D512_FAST->MAP_D1024_FAST,PREMATERIALIZED_ALL_VIEWS,u1_boundary_1,64,1.0,1.0,0.0,0.0,0.02341949997935444,0.038406829989980906,0.05529815494082864,0.02341949997935444,1,541728,12552,0.0
oracle-portfolio-v0.1,CASCADE:BCF_NATIVE->MAP_D1024_ROBUST->MAP_D512_FAST->MAP_D1024_FAST,PREMATERIALIZED_ALL_VIEWS,u1_boundary_2,64,1.0,1.0,0.0,0.0,0.035236099967733026,0.09603107490693218,0.1738031959475483,0.035236099967733026,1,763344,12660,0.0
oracle-portfolio-v0.1,CASCADE:BCF_NATIVE->MAP_D1024_ROBUST->MAP_D512_FAST->MAP_D1024_FAST,PREMATERIALIZED_ALL_VIEWS,u1_separation_anchor,64,1.0,1.0,0.0,0.0,0.14234544994542375,0.3913817700115031,0.4807240850280503,0.14234544994542375,1,1674432,13104,0.0
oracle-portfolio-v0.1,CASCADE:BCF_NATIVE->MAP_D1024_ROBUST->MAP_D512_FAST->MAP_D1024_FAST,LAZY_FALLBACK_VIEW,FINAL_ALL,256,1.0,1.0,0.0,0.0,0.02688990003662184,0.2463930000376422,0.41960535004618515,0.03827139997156337,1,806436,12681,0.013795396094792522
oracle-portfolio-v0.1,CASCADE:BCF_NATIVE->MAP_D1024_ROBUST->MAP_D512_FAST->MAP_D1024_FAST,LAZY_FALLBACK_VIEW,FINAL_NON_EASY,192,1.0,1.0,0.0,0.0,0.03716815001098439,0.3120532050204926,0.450110868094489,0.0502768000587821,1,993168,12772,0.01664245677481328
oracle-portfolio-v0.1,CASCADE:BCF_NATIVE->MAP_D1024_ROBUST->MAP_D512_FAST->MAP_D1024_FAST,LAZY_FALLBACK_VIEW,u1_easy_anchor,64,1.0,1.0,0.0,0.0,0.013212850084528327,0.01859634002903476,0.061423314022831445,0.018488800094928592,1,246240,12408,0.005254214054730255
oracle-portfolio-v0.1,CASCADE:BCF_NATIVE->MAP_D1024_ROBUST->MAP_D512_FAST->MAP_D1024_FAST,LAZY_FALLBACK_VIEW,u1_boundary_1,64,1.0,1.0,0.0,0.0,0.02341949997935444,0.038406829989980906,0.05529815494082864,0.032768999924883246,1,541728,12552,0.010520531248403131
oracle-portfolio-v0.1,CASCADE:BCF_NATIVE->MAP_D1024_ROBUST->MAP_D512_FAST->MAP_D1024_FAST,LAZY_FALLBACK_VIEW,u1_boundary_2,64,1.0,1.0,0.0,0.0,0.035236099967733026,0.09603107490693218,0.1738031959475483,0.04734554997412488,1,763344,12660,0.014767848444535048
oracle-portfolio-v0.1,CASCADE:BCF_NATIVE->MAP_D1024_ROBUST->MAP_D512_FAST->MAP_D1024_FAST,LAZY_FALLBACK_VIEW,u1_separation_anchor,64,1.0,1.0,0.0,0.0,0.14234544994542375,0.3913817700115031,0.4807240850280503,0.16657399997347966,1,1674432,13104,0.024638990631501656
oracle-portfolio-v0.1,CASCADE:BCF_NATIVE->MAP_D1024_ROBUST->MAP_D1024_FAST->MAP_D512_FAST,PREMATERIALIZED_ALL_VIEWS,FINAL_ALL,256,1.0,1.0,0.0,0.0,0.02688990003662184,0.2463930000376422,0.41960535004618515,0.02688990003662184,1,806436,12681,0.0
oracle-portfolio-v0.1,CASCADE:BCF_NATIVE->MAP_D1024_ROBUST->MAP_D1024_FAST->MAP_D512_FAST,PREMATERIALIZED_ALL_VIEWS,FINAL_NON_EASY,192,1.0,1.0,0.0,0.0,0.03716815001098439,0.3120532050204926,0.450110868094489,0.03716815001098439,1,993168,12772,0.0
oracle-portfolio-v0.1,CASCADE:BCF_NATIVE->MAP_D1024_ROBUST->MAP_D1024_FAST->MAP_D512_FAST,PREMATERIALIZED_ALL_VIEWS,u1_easy_anchor,64,1.0,1.0,0.0,0.0,0.013212850084528327,0.01859634002903476,0.061423314022831445,0.013212850084528327,1,246240,12408,0.0
oracle-portfolio-v0.1,CASCADE:BCF_NATIVE->MAP_D1024_ROBUST->MAP_D1024_FAST->MAP_D512_FAST,PREMATERIALIZED_ALL_VIEWS,u1_boundary_1,64,1.0,1.0,0.0,0.0,0.02341949997935444,0.038406829989980906,0.05529815494082864,0.02341949997935444,1,541728,12552,0.0
oracle-portfolio-v0.1,CASCADE:BCF_NATIVE->MAP_D1024_ROBUST->MAP_D1024_FAST->MAP_D512_FAST,PREMATERIALIZED_ALL_VIEWS,u1_boundary_2,64,1.0,1.0,0.0,0.0,0.035236099967733026,0.09603107490693218,0.1738031959475483,0.035236099967733026,1,763344,12660,0.0
oracle-portfolio-v0.1,CASCADE:BCF_NATIVE->MAP_D1024_ROBUST->MAP_D1024_FAST->MAP_D512_FAST,PREMATERIALIZED_ALL_VIEWS,u1_separation_anchor,64,1.0,1.0,0.0,0.0,0.14234544994542375,0.3913817700115031,0.4807240850280503,0.14234544994542375,1,1674432,13104,0.0
oracle-portfolio-v0.1,CASCADE:BCF_NATIVE->MAP_D1024_ROBUST->MAP_D1024_FAST->MAP_D512_FAST,LAZY_FALLBACK_VIEW,FINAL_ALL,256,1.0,1.0,0.0,0.0,0.02688990003662184,0.2463930000376422,0.41960535004618515,0.03827139997156337,1,806436,12681,0.013795396094792522
oracle-portfolio-v0.1,CASCADE:BCF_NATIVE->MAP_D1024_ROBUST->MAP_D1024_FAST->MAP_D512_FAST,LAZY_FALLBACK_VIEW,FINAL_NON_EASY,192,1.0,1.0,0.0,0.0,0.03716815001098439,0.3120532050204926,0.450110868094489,0.0502768000587821,1,993168,12772,0.01664245677481328
oracle-portfolio-v0.1,CASCADE:BCF_NATIVE->MAP_D1024_ROBUST->MAP_D1024_FAST->MAP_D512_FAST,LAZY_FALLBACK_VIEW,u1_easy_anchor,64,1.0,1.0,0.0,0.0,0.013212850084528327,0.01859634002903476,0.061423314022831445,0.018488800094928592,1,246240,12408,0.005254214054730255
oracle-portfolio-v0.1,CASCADE:BCF_NATIVE->MAP_D1024_ROBUST->MAP_D1024_FAST->MAP_D512_FAST,LAZY_FALLBACK_VIEW,u1_boundary_1,64,1.0,1.0,0.0,0.0,0.02341949997935444,0.038406829989980906,0.05529815494082864,0.032768999924883246,1,541728,12552,0.010520531248403131
oracle-portfolio-v0.1,CASCADE:BCF_NATIVE->MAP_D1024_ROBUST->MAP_D1024_FAST->MAP_D512_FAST,LAZY_FALLBACK_VIEW,u1_boundary_2,64,1.0,1.0,0.0,0.0,0.035236099967733026,0.09603107490693218,0.1738031959475483,0.04734554997412488,1,763344,12660,0.014767848444535048
oracle-portfolio-v0.1,CASCADE:BCF_NATIVE->MAP_D1024_ROBUST->MAP_D1024_FAST->MAP_D512_FAST,LAZY_FALLBACK_VIEW,u1_separation_anchor,64,1.0,1.0,0.0,0.0,0.14234544994542375,0.3913817700115031,0.4807240850280503,0.16657399997347966,1,1674432,13104,0.024638990631501656
