operating_point_label,config_id,method,reduction_ratio_label,context_accuracy,anomaly_rate,D,F,M,structured_distractor_count,component_flip_rate,candidate_subset_size,trials,target_recovery_rate,distractor_capture_rate,hybrid_spurious_rate,unsettled_rate,exact_recovery_rate,exact_recovery_ci_low,exact_recovery_ci_high,per_factor_recovery_rate,false_consensus_rate,false_consensus_ci_low,false_consensus_ci_high,false_consensus_distractor_capture_share,false_consensus_hybrid_spurious_share,unsettled_failure_rate,unsettled_failure_ci_low,unsettled_failure_ci_high,stable_prediction_rate,truth_inclusion_probability,mean_candidate_recall,mean_candidate_precision_proxy,conditional_accuracy_given_all_truth_included,truth_absent_failure_rate,truth_present_failure_rate,mean_iterations_used,median_iterations_used,mean_normalized_margin,mean_normalized_reconstruction_similarity,mean_candidate_evaluations_proxy,mean_element_operations_proxy,mean_anomaly_count,context_prediction_correct_rate,schema_version,similarity_metric,master_seed,python_version,torch_version,torchhd_version,platform,paired_exact_recovery_delta_vs_global,paired_false_consensus_delta_vs_global,paired_target_recovery_delta_vs_global,paired_exact_recovery_regret_vs_oracle_truth_included,paired_candidate_recall_regret_vs_oracle_truth_included,paired_candidate_recall_delta_vs_random_unconditional,paired_exact_recovery_delta_vs_random_unconditional
COLLAPSE_SINGLE,D1024_F4_M10_SD0,global,full,,0.0,1024,4,10,0,0.0,10,64,0.15625,0.0,0.046875,0.796875,0.15625,0.08714748876961673,0.26428290202305327,0.3359375,0.046875,0.016068725432185196,0.12899860788542522,0.0,1.0,0.796875,0.6828613244878341,0.8772669743730419,0.203125,1.0,1.0,0.1,0.15625,0.0,0.84375,10.84375,12.0,0.3672193914462696,0.156829833984375,433.75,444160.0,0.0,,level1-baseline-v3,cosine,22260614,3.14.5,2.12.0+cpu,5.8.4,Windows-11-10.0.26100-SP0,0.0,0.0,0.0,,,,
COLLAPSE_SINGLE,D1024_F4_M10_SD0,global,full,,0.1,1024,4,10,0,0.0,10,64,0.125,0.0,0.0625,0.8125,0.125,0.06472165392620802,0.2277478633021592,0.30078125,0.0625,0.024570803674792932,0.14997696642496888,0.0,1.0,0.8125,0.7002540844522482,0.889354651190779,0.1875,1.0,1.0,0.1,0.125,0.0,0.875,10.859375,12.0,0.3229119707029895,0.12615966796875,434.375,444800.0,0.421875,,level1-baseline-v3,cosine,22260614,3.14.5,2.12.0+cpu,5.8.4,Windows-11-10.0.26100-SP0,0.0,0.0,0.0,,,,
COLLAPSE_SINGLE,D1024_F4_M10_SD0,global,full,,0.25,1024,4,10,0,0.0,10,64,0.109375,0.0,0.078125,0.8125,0.109375,0.054000447526830544,0.20898863291938535,0.27734375,0.078125,0.03383067809543547,0.1701975287864777,0.0,1.0,0.8125,0.7002540844522482,0.889354651190779,0.1875,1.0,1.0,0.1,0.109375,0.0,0.890625,10.953125,12.0,0.3072841088505811,0.10968017578125,438.125,448640.0,1.0625,,level1-baseline-v3,cosine,22260614,3.14.5,2.12.0+cpu,5.8.4,Windows-11-10.0.26100-SP0,0.0,0.0,0.0,,,,
COLLAPSE_SINGLE,D1024_F4_M10_SD0,oracle_l2_context,half,,0.0,1024,4,10,0,0.0,5,64,0.546875,0.0,0.0,0.453125,0.546875,0.4257338252067978,0.6627074851396563,0.61328125,0.0,0.0,0.056626022971156334,,,0.453125,0.33729251486034373,0.5742661747932022,0.546875,0.5625,0.8671875,0.1734375,0.9722222222222222,0.4375,0.015625,7.3125,4.0,0.6801218194013927,0.544952392578125,146.25,149760.0,0.0,,level1-baseline-v3,cosine,22260614,3.14.5,2.12.0+cpu,5.8.4,Windows-11-10.0.26100-SP0,0.390625,-0.046875,0.390625,0.375,0.1328125,0.4140625,0.53125
COLLAPSE_SINGLE,D1024_F4_M10_SD0,oracle_l2_context,half,,0.1,1024,4,10,0,0.0,5,64,0.453125,0.0,0.0,0.546875,0.453125,0.33729251486034373,0.5742661747932022,0.53125,0.0,0.0,0.056626022971156334,,,0.546875,0.4257338252067978,0.6627074851396563,0.453125,0.484375,0.82421875,0.16484375,0.9354838709677419,0.515625,0.03125,8.0625,12.0,0.6421302469098009,0.45172119140625,161.25,165120.0,0.421875,,level1-baseline-v3,cosine,22260614,3.14.5,2.12.0+cpu,5.8.4,Windows-11-10.0.26100-SP0,0.328125,-0.0625,0.328125,0.484375,0.17578125,0.3515625,0.4375
COLLAPSE_SINGLE,D1024_F4_M10_SD0,oracle_l2_context,half,,0.25,1024,4,10,0,0.0,5,64,0.375,0.0,0.015625,0.609375,0.375,0.2666580388810532,0.4974984668617358,0.46875,0.015625,0.0027634707504014117,0.08334298900290629,0.0,1.0,0.609375,0.486916942944024,0.7194461145310355,0.390625,0.40625,0.7890625,0.1578125,0.9230769230769231,0.59375,0.03125,8.703125,12.0,0.6035836200753693,0.374298095703125,174.0625,178240.0,1.0625,,level1-baseline-v3,cosine,22260614,3.14.5,2.12.0+cpu,5.8.4,Windows-11-10.0.26100-SP0,0.265625,-0.0625,0.265625,0.578125,0.2109375,0.33203125,0.34375
COLLAPSE_SINGLE,D1024_F4_M10_SD0,oracle_l2_context,quarter,,0.0,1024,4,10,0,0.0,3,64,0.40625,0.0,0.109375,0.484375,0.40625,0.2945672443525889,0.528550134954503,0.515625,0.109375,0.054000447526830544,0.20898863291938535,0.0,1.0,0.484375,0.36633348565783896,0.6041860775600096,0.515625,0.40625,0.80078125,0.2669270833333333,1.0,0.59375,0.0,7.609375,8.0,0.6880151162622496,0.40753173828125,91.3125,93504.0,0.0,,level1-baseline-v3,cosine,22260614,3.14.5,2.12.0+cpu,5.8.4,Windows-11-10.0.26100-SP0,0.25,0.0625,0.25,0.59375,0.19921875,0.453125,0.40625
COLLAPSE_SINGLE,D1024_F4_M10_SD0,oracle_l2_context,quarter,,0.1,1024,4,10,0,0.0,3,64,0.265625,0.0,0.171875,0.5625,0.265625,0.17296238569537764,0.38483106257235195,0.3984375,0.171875,0.0987764126731623,0.2821344149016591,0.0,1.0,0.5625,0.4408599177828787,0.6770618293457267,0.4375,0.265625,0.73828125,0.24609375,1.0,0.734375,0.0,8.640625,12.0,0.6126414785394445,0.263916015625,103.6875,106176.0,0.421875,,level1-baseline-v3,cosine,22260614,3.14.5,2.12.0+cpu,5.8.4,Windows-11-10.0.26100-SP0,0.140625,0.109375,0.140625,0.734375,0.26171875,0.390625,0.265625
COLLAPSE_SINGLE,D1024_F4_M10_SD0,oracle_l2_context,quarter,,0.25,1024,4,10,0,0.0,3,64,0.21875,0.0,0.1875,0.59375,0.21875,0.13502197461349755,0.3343301633077779,0.34765625,0.1875,0.11064534880922099,0.2997459155477517,0.0,1.0,0.59375,0.4714498650454971,0.7054327556474111,0.40625,0.21875,0.66796875,0.22265625,1.0,0.78125,0.0,8.984375,12.0,0.6169705737847835,0.220977783203125,107.8125,110400.0,1.0625,,level1-baseline-v3,cosine,22260614,3.14.5,2.12.0+cpu,5.8.4,Windows-11-10.0.26100-SP0,0.109375,0.109375,0.109375,0.78125,0.33203125,0.328125,0.21875
COLLAPSE_SINGLE,D1024_F4_M10_SD0,oracle_truth_included,half,,0.0,1024,4,10,0,0.0,5,64,0.921875,0.0,0.03125,0.046875,0.921875,0.8298024712135222,0.9661693219045645,0.95703125,0.03125,0.00861195771251659,0.10697493882294247,0.0,1.0,0.046875,0.016068725432185196,0.12899860788542522,0.953125,1.0,1.0,0.2,0.921875,0.0,0.078125,3.90625,3.0,0.9307327270507812,0.922119140625,78.125,80000.0,0.0,,level1-baseline-v3,cosine,22260614,3.14.5,2.12.0+cpu,5.8.4,Windows-11-10.0.26100-SP0,0.765625,-0.015625,0.765625,0.0,0.0,0.546875,0.90625
COLLAPSE_SINGLE,D1024_F4_M10_SD0,oracle_truth_included,half,,0.1,1024,4,10,0,0.0,5,64,0.9375,0.0,0.03125,0.03125,0.9375,0.8500230335750312,0.9754291963252071,0.96875,0.03125,0.00861195771251659,0.10697493882294247,0.0,1.0,0.03125,0.00861195771251659,0.10697493882294247,0.96875,1.0,1.0,0.2,0.9375,0.0,0.0625,3.765625,3.0,0.9413299560546875,0.937896728515625,75.3125,77120.0,0.421875,,level1-baseline-v3,cosine,22260614,3.14.5,2.12.0+cpu,5.8.4,Windows-11-10.0.26100-SP0,0.8125,-0.03125,0.8125,0.0,0.0,0.52734375,0.921875
COLLAPSE_SINGLE,D1024_F4_M10_SD0,oracle_truth_included,half,,0.25,1024,4,10,0,0.0,5,64,0.953125,0.0,0.03125,0.015625,0.953125,0.8710013921145747,0.9839312745678148,0.96875,0.03125,0.00861195771251659,0.10697493882294247,0.0,1.0,0.015625,0.0027634707504014117,0.08334298900290629,0.984375,1.0,1.0,0.2,0.953125,0.0,0.046875,3.59375,3.0,0.9410552978515625,0.95440673828125,71.875,73600.0,1.0625,,level1-baseline-v3,cosine,22260614,3.14.5,2.12.0+cpu,5.8.4,Windows-11-10.0.26100-SP0,0.84375,-0.046875,0.84375,0.0,0.0,0.54296875,0.921875
COLLAPSE_SINGLE,D1024_F4_M10_SD0,oracle_truth_included,quarter,,0.0,1024,4,10,0,0.0,3,64,1.0,0.0,0.0,0.0,1.0,0.9433739770288436,1.0,1.0,0.0,0.0,0.056626022971156334,,,0.0,0.0,0.056626022971156334,1.0,1.0,1.0,0.3333333333333333,1.0,0.0,0.0,3.0,3.0,0.9832916259765625,1.0,36.0,36864.0,0.0,,level1-baseline-v3,cosine,22260614,3.14.5,2.12.0+cpu,5.8.4,Windows-11-10.0.26100-SP0,0.84375,-0.046875,0.84375,0.0,0.0,0.65234375,1.0
COLLAPSE_SINGLE,D1024_F4_M10_SD0,oracle_truth_included,quarter,,0.1,1024,4,10,0,0.0,3,64,1.0,0.0,0.0,0.0,1.0,0.9433739770288436,1.0,1.0,0.0,0.0,0.056626022971156334,,,0.0,0.0,0.056626022971156334,1.0,1.0,1.0,0.3333333333333333,1.0,0.0,0.0,3.0,3.0,0.9834213256835938,1.0,36.0,36864.0,0.421875,,level1-baseline-v3,cosine,22260614,3.14.5,2.12.0+cpu,5.8.4,Windows-11-10.0.26100-SP0,0.875,-0.0625,0.875,0.0,0.0,0.65234375,1.0
COLLAPSE_SINGLE,D1024_F4_M10_SD0,oracle_truth_included,quarter,,0.25,1024,4,10,0,0.0,3,64,1.0,0.0,0.0,0.0,1.0,0.9433739770288436,1.0,1.0,0.0,0.0,0.056626022971156334,,,0.0,0.0,0.056626022971156334,1.0,1.0,1.0,0.3333333333333333,1.0,0.0,0.0,3.0,3.0,0.9835433959960938,1.0,36.0,36864.0,1.0625,,level1-baseline-v3,cosine,22260614,3.14.5,2.12.0+cpu,5.8.4,Windows-11-10.0.26100-SP0,0.890625,-0.078125,0.890625,0.0,0.0,0.66015625,1.0
COLLAPSE_SINGLE,D1024_F4_M10_SD0,predicted_l2_context,half,0.7,0.0,1024,4,10,0,0.0,5,64,0.40625,0.0,0.0,0.59375,0.40625,0.2945672443525889,0.528550134954503,0.48046875,0.0,0.0,0.056626022971156334,,,0.59375,0.4714498650454971,0.7054327556474111,0.40625,0.40625,0.75390625,0.15078125,1.0,0.59375,0.0,8.515625,12.0,0.5731570079515222,0.405914306640625,170.3125,174400.0,0.0,0.71875,level1-baseline-v3,cosine,22260614,3.14.5,2.12.0+cpu,5.8.4,Windows-11-10.0.26100-SP0,0.25,-0.046875,0.25,0.515625,0.24609375,0.30078125,0.390625
COLLAPSE_SINGLE,D1024_F4_M10_SD0,predicted_l2_context,half,0.7,0.1,1024,4,10,0,0.0,5,64,0.34375,0.0,0.0,0.65625,0.34375,0.23922975035469027,0.46596588182379606,0.421875,0.0,0.0,0.056626022971156334,,,0.65625,0.5340341181762038,0.7607702496453097,0.34375,0.359375,0.72265625,0.14453125,0.9565217391304348,0.640625,0.015625,9.015625,12.0,0.5609035688394215,0.34515380859375,180.3125,184640.0,0.421875,0.71875,level1-baseline-v3,cosine,22260614,3.14.5,2.12.0+cpu,5.8.4,Windows-11-10.0.26100-SP0,0.21875,-0.0625,0.21875,0.59375,0.27734375,0.25,0.328125
COLLAPSE_SINGLE,D1024_F4_M10_SD0,predicted_l2_context,half,0.7,0.25,1024,4,10,0,0.0,5,64,0.296875,0.0,0.015625,0.6875,0.296875,0.19904999589075245,0.4177043259412798,0.37890625,0.015625,0.0027634707504014117,0.08334298900290629,0.0,1.0,0.6875,0.5660743364084738,0.7876909049773425,0.3125,0.3125,0.71484375,0.14296875,0.95,0.6875,0.015625,9.390625,12.0,0.5495201799203642,0.29962158203125,187.8125,192320.0,1.0625,0.71875,level1-baseline-v3,cosine,22260614,3.14.5,2.12.0+cpu,5.8.4,Windows-11-10.0.26100-SP0,0.1875,-0.0625,0.1875,0.65625,0.28515625,0.2578125,0.265625
COLLAPSE_SINGLE,D1024_F4_M10_SD0,predicted_l2_context,half,0.9,0.0,1024,4,10,0,0.0,5,64,0.484375,0.0,0.0,0.515625,0.484375,0.36633348565783896,0.6041860775600096,0.5390625,0.0,0.0,0.056626022971156334,,,0.515625,0.3958139224399903,0.6336665143421609,0.484375,0.484375,0.8125,0.1625,1.0,0.515625,0.0,7.859375,12.0,0.63266197804478,0.482452392578125,157.1875,160960.0,0.0,0.875,level1-baseline-v3,cosine,22260614,3.14.5,2.12.0+cpu,5.8.4,Windows-11-10.0.26100-SP0,0.328125,-0.046875,0.328125,0.4375,0.1875,0.359375,0.46875
COLLAPSE_SINGLE,D1024_F4_M10_SD0,predicted_l2_context,half,0.9,0.1,1024,4,10,0,0.0,5,64,0.40625,0.0,0.0,0.59375,0.40625,0.2945672443525889,0.528550134954503,0.46875,0.0,0.0,0.056626022971156334,,,0.59375,0.4714498650454971,0.7054327556474111,0.40625,0.421875,0.7734375,0.1546875,0.9629629629629629,0.578125,0.015625,8.484375,12.0,0.6075271630834322,0.404296875,169.6875,173760.0,0.421875,0.875,level1-baseline-v3,cosine,22260614,3.14.5,2.12.0+cpu,5.8.4,Windows-11-10.0.26100-SP0,0.28125,-0.0625,0.28125,0.53125,0.2265625,0.30078125,0.390625
COLLAPSE_SINGLE,D1024_F4_M10_SD0,predicted_l2_context,half,0.9,0.25,1024,4,10,0,0.0,5,64,0.34375,0.0,0.015625,0.640625,0.34375,0.23922975035469027,0.46596588182379606,0.41796875,0.015625,0.0027634707504014117,0.08334298900290629,0.0,1.0,0.640625,0.5182062363615084,0.7471176946778538,0.359375,0.359375,0.75390625,0.15078125,0.9565217391304348,0.640625,0.015625,8.984375,12.0,0.5848162043257616,0.34344482421875,179.6875,184000.0,1.0625,0.875,level1-baseline-v3,cosine,22260614,3.14.5,2.12.0+cpu,5.8.4,Windows-11-10.0.26100-SP0,0.234375,-0.0625,0.234375,0.609375,0.24609375,0.296875,0.3125
COLLAPSE_SINGLE,D1024_F4_M10_SD0,predicted_l2_context,half,1.0,0.0,1024,4,10,0,0.0,5,64,0.546875,0.0,0.0,0.453125,0.546875,0.4257338252067978,0.6627074851396563,0.61328125,0.0,0.0,0.056626022971156334,,,0.453125,0.33729251486034373,0.5742661747932022,0.546875,0.5625,0.8671875,0.1734375,0.9722222222222222,0.4375,0.015625,7.3125,4.0,0.6801218194013927,0.544952392578125,146.25,149760.0,0.0,1.0,level1-baseline-v3,cosine,22260614,3.14.5,2.12.0+cpu,5.8.4,Windows-11-10.0.26100-SP0,0.390625,-0.046875,0.390625,0.375,0.1328125,0.4140625,0.53125
COLLAPSE_SINGLE,D1024_F4_M10_SD0,predicted_l2_context,half,1.0,0.1,1024,4,10,0,0.0,5,64,0.453125,0.0,0.0,0.546875,0.453125,0.33729251486034373,0.5742661747932022,0.53125,0.0,0.0,0.056626022971156334,,,0.546875,0.4257338252067978,0.6627074851396563,0.453125,0.484375,0.82421875,0.16484375,0.9354838709677419,0.515625,0.03125,8.0625,12.0,0.6421302469098009,0.45172119140625,161.25,165120.0,0.421875,1.0,level1-baseline-v3,cosine,22260614,3.14.5,2.12.0+cpu,5.8.4,Windows-11-10.0.26100-SP0,0.328125,-0.0625,0.328125,0.484375,0.17578125,0.3515625,0.4375
COLLAPSE_SINGLE,D1024_F4_M10_SD0,predicted_l2_context,half,1.0,0.25,1024,4,10,0,0.0,5,64,0.375,0.0,0.015625,0.609375,0.375,0.2666580388810532,0.4974984668617358,0.46875,0.015625,0.0027634707504014117,0.08334298900290629,0.0,1.0,0.609375,0.486916942944024,0.7194461145310355,0.390625,0.40625,0.7890625,0.1578125,0.9230769230769231,0.59375,0.03125,8.703125,12.0,0.6035836200753693,0.374298095703125,174.0625,178240.0,1.0625,1.0,level1-baseline-v3,cosine,22260614,3.14.5,2.12.0+cpu,5.8.4,Windows-11-10.0.26100-SP0,0.265625,-0.0625,0.265625,0.578125,0.2109375,0.33203125,0.34375
COLLAPSE_SINGLE,D1024_F4_M10_SD0,predicted_l2_context,quarter,0.7,0.0,1024,4,10,0,0.0,3,64,0.296875,0.0,0.109375,0.59375,0.296875,0.19904999589075245,0.4177043259412798,0.40234375,0.109375,0.054000447526830544,0.20898863291938535,0.0,1.0,0.59375,0.4714498650454971,0.7054327556474111,0.40625,0.296875,0.63671875,0.21223958333333331,1.0,0.703125,0.0,8.71875,12.0,0.6091813159873709,0.292572021484375,104.625,107136.0,0.0,0.734375,level1-baseline-v3,cosine,22260614,3.14.5,2.12.0+cpu,5.8.4,Windows-11-10.0.26100-SP0,0.140625,0.0625,0.140625,0.703125,0.36328125,0.2890625,0.296875
COLLAPSE_SINGLE,D1024_F4_M10_SD0,predicted_l2_context,quarter,0.7,0.1,1024,4,10,0,0.0,3,64,0.203125,0.0,0.140625,0.65625,0.203125,0.12273302562695813,0.3171386755121659,0.328125,0.140625,0.07578487006414436,0.24616508394637426,0.0,1.0,0.65625,0.5340341181762038,0.7607702496453097,0.34375,0.203125,0.59765625,0.19921875,1.0,0.796875,0.0,9.4375,12.0,0.5575501589337364,0.197601318359375,113.25,115968.0,0.421875,0.734375,level1-baseline-v3,cosine,22260614,3.14.5,2.12.0+cpu,5.8.4,Windows-11-10.0.26100-SP0,0.078125,0.078125,0.078125,0.796875,0.40234375,0.25,0.203125
COLLAPSE_SINGLE,D1024_F4_M10_SD0,predicted_l2_context,quarter,0.7,0.25,1024,4,10,0,0.0,3,64,0.171875,0.0,0.171875,0.65625,0.171875,0.0987764126731623,0.2821344149016591,0.3125,0.171875,0.0987764126731623,0.2821344149016591,0.0,1.0,0.65625,0.5340341181762038,0.7607702496453097,0.34375,0.171875,0.5703125,0.19010416666666666,1.0,0.828125,0.0,9.484375,12.0,0.5433169573079795,0.1707763671875,113.8125,116544.0,1.0625,0.734375,level1-baseline-v3,cosine,22260614,3.14.5,2.12.0+cpu,5.8.4,Windows-11-10.0.26100-SP0,0.0625,0.09375,0.0625,0.828125,0.4296875,0.23046875,0.171875
COLLAPSE_SINGLE,D1024_F4_M10_SD0,predicted_l2_context,quarter,0.9,0.0,1024,4,10,0,0.0,3,64,0.390625,0.0,0.109375,0.5,0.390625,0.28055388546896454,0.5130830570559759,0.49609375,0.109375,0.054000447526830544,0.20898863291938535,0.0,1.0,0.5,0.3810188849321495,0.6189811150678505,0.5,0.390625,0.78515625,0.26171875,1.0,0.609375,0.0,7.75,10.5,0.6801034341333434,0.393157958984375,93.0,95232.0,0.0,0.96875,level1-baseline-v3,cosine,22260614,3.14.5,2.12.0+cpu,5.8.4,Windows-11-10.0.26100-SP0,0.234375,0.0625,0.234375,0.609375,0.21484375,0.4375,0.390625
COLLAPSE_SINGLE,D1024_F4_M10_SD0,predicted_l2_context,quarter,0.9,0.1,1024,4,10,0,0.0,3,64,0.265625,0.0,0.171875,0.5625,0.265625,0.17296238569537764,0.38483106257235195,0.39453125,0.171875,0.0987764126731623,0.2821344149016591,0.0,1.0,0.5625,0.4408599177828787,0.6770618293457267,0.4375,0.265625,0.7265625,0.2421875,1.0,0.734375,0.0,8.640625,12.0,0.6161281118402258,0.26605224609375,103.6875,106176.0,0.421875,0.96875,level1-baseline-v3,cosine,22260614,3.14.5,2.12.0+cpu,5.8.4,Windows-11-10.0.26100-SP0,0.140625,0.109375,0.140625,0.734375,0.2734375,0.37890625,0.265625
COLLAPSE_SINGLE,D1024_F4_M10_SD0,predicted_l2_context,quarter,0.9,0.25,1024,4,10,0,0.0,3,64,0.21875,0.0,0.171875,0.609375,0.21875,0.13502197461349755,0.3343301633077779,0.34765625,0.171875,0.0987764126731623,0.2821344149016591,0.0,1.0,0.609375,0.486916942944024,0.7194461145310355,0.390625,0.21875,0.66015625,0.22005208333333331,1.0,0.78125,0.0,9.109375,12.0,0.6117586526088417,0.220703125,109.3125,111936.0,1.0625,0.96875,level1-baseline-v3,cosine,22260614,3.14.5,2.12.0+cpu,5.8.4,Windows-11-10.0.26100-SP0,0.109375,0.09375,0.109375,0.78125,0.33984375,0.3203125,0.21875
COLLAPSE_SINGLE,D1024_F4_M10_SD0,predicted_l2_context,quarter,1.0,0.0,1024,4,10,0,0.0,3,64,0.40625,0.0,0.109375,0.484375,0.40625,0.2945672443525889,0.528550134954503,0.515625,0.109375,0.054000447526830544,0.20898863291938535,0.0,1.0,0.484375,0.36633348565783896,0.6041860775600096,0.515625,0.40625,0.80078125,0.2669270833333333,1.0,0.59375,0.0,7.609375,8.0,0.6880151162622496,0.40753173828125,91.3125,93504.0,0.0,1.0,level1-baseline-v3,cosine,22260614,3.14.5,2.12.0+cpu,5.8.4,Windows-11-10.0.26100-SP0,0.25,0.0625,0.25,0.59375,0.19921875,0.453125,0.40625
COLLAPSE_SINGLE,D1024_F4_M10_SD0,predicted_l2_context,quarter,1.0,0.1,1024,4,10,0,0.0,3,64,0.265625,0.0,0.171875,0.5625,0.265625,0.17296238569537764,0.38483106257235195,0.3984375,0.171875,0.0987764126731623,0.2821344149016591,0.0,1.0,0.5625,0.4408599177828787,0.6770618293457267,0.4375,0.265625,0.73828125,0.24609375,1.0,0.734375,0.0,8.640625,12.0,0.6126414785394445,0.263916015625,103.6875,106176.0,0.421875,1.0,level1-baseline-v3,cosine,22260614,3.14.5,2.12.0+cpu,5.8.4,Windows-11-10.0.26100-SP0,0.140625,0.109375,0.140625,0.734375,0.26171875,0.390625,0.265625
COLLAPSE_SINGLE,D1024_F4_M10_SD0,predicted_l2_context,quarter,1.0,0.25,1024,4,10,0,0.0,3,64,0.21875,0.0,0.1875,0.59375,0.21875,0.13502197461349755,0.3343301633077779,0.34765625,0.1875,0.11064534880922099,0.2997459155477517,0.0,1.0,0.59375,0.4714498650454971,0.7054327556474111,0.40625,0.21875,0.66796875,0.22265625,1.0,0.78125,0.0,8.984375,12.0,0.6169705737847835,0.220977783203125,107.8125,110400.0,1.0625,1.0,level1-baseline-v3,cosine,22260614,3.14.5,2.12.0+cpu,5.8.4,Windows-11-10.0.26100-SP0,0.109375,0.109375,0.109375,0.78125,0.33203125,0.328125,0.21875
COLLAPSE_SINGLE,D1024_F4_M10_SD0,random_unconditional,half,,0.0,1024,4,10,0,0.0,5,64,0.015625,0.0,0.0625,0.921875,0.015625,0.0027634707504014117,0.08334298900290629,0.07421875,0.0625,0.024570803674792932,0.14997696642496888,0.0,1.0,0.921875,0.8298024712135222,0.9661693219045645,0.078125,0.015625,0.453125,0.090625,1.0,0.984375,0.0,11.484375,12.0,0.32976353709818795,0.0166015625,229.6875,235200.0,0.0,,level1-baseline-v3,cosine,22260614,3.14.5,2.12.0+cpu,5.8.4,Windows-11-10.0.26100-SP0,-0.140625,0.015625,-0.140625,0.90625,0.546875,0.0,0.0
COLLAPSE_SINGLE,D1024_F4_M10_SD0,random_unconditional,half,,0.1,1024,4,10,0,0.0,5,64,0.015625,0.0,0.046875,0.9375,0.015625,0.0027634707504014117,0.08334298900290629,0.0703125,0.046875,0.016068725432185196,0.12899860788542522,0.0,1.0,0.9375,0.8500230335750312,0.9754291963252071,0.0625,0.015625,0.47265625,0.09453125,1.0,0.984375,0.0,11.609375,12.0,0.34725906990934163,0.01580810546875,232.1875,237760.0,0.421875,,level1-baseline-v3,cosine,22260614,3.14.5,2.12.0+cpu,5.8.4,Windows-11-10.0.26100-SP0,-0.109375,-0.015625,-0.109375,0.921875,0.52734375,0.0,0.0
COLLAPSE_SINGLE,D1024_F4_M10_SD0,random_unconditional,half,,0.25,1024,4,10,0,0.0,5,64,0.03125,0.0,0.0625,0.90625,0.03125,0.00861195771251659,0.10697493882294247,0.09765625,0.0625,0.024570803674792932,0.14997696642496888,0.0,1.0,0.90625,0.8101690141672233,0.9563223421687121,0.09375,0.03125,0.45703125,0.09140625000000001,1.0,0.96875,0.0,11.328125,12.0,0.335593932075426,0.035858154296875,226.5625,232000.0,1.0625,,level1-baseline-v3,cosine,22260614,3.14.5,2.12.0+cpu,5.8.4,Windows-11-10.0.26100-SP0,-0.078125,-0.015625,-0.078125,0.921875,0.54296875,0.0,0.0
COLLAPSE_SINGLE,D1024_F4_M10_SD0,random_unconditional,quarter,,0.0,1024,4,10,0,0.0,3,64,0.0,0.0,0.25,0.75,0.0,0.0,0.056626022971156334,0.125,0.25,0.16014791974174092,0.36816509174383727,0.0,1.0,0.75,0.6318349082561628,0.8398520802582591,0.25,0.0,0.34765625,0.11588541666666666,,1.0,0.0,10.734375,12.0,0.555020013358444,-0.0064697265625,128.8125,131904.0,0.0,,level1-baseline-v3,cosine,22260614,3.14.5,2.12.0+cpu,5.8.4,Windows-11-10.0.26100-SP0,-0.15625,0.203125,-0.15625,1.0,0.65234375,0.0,0.0
COLLAPSE_SINGLE,D1024_F4_M10_SD0,random_unconditional,quarter,,0.1,1024,4,10,0,0.0,3,64,0.0,0.0,0.1875,0.8125,0.0,0.0,0.056626022971156334,0.12890625,0.1875,0.11064534880922099,0.2997459155477517,0.0,1.0,0.8125,0.7002540844522482,0.889354651190779,0.1875,0.0,0.34765625,0.11588541666666666,,1.0,0.0,11.125,12.0,0.5256865574046969,-0.00390625,133.5,136704.0,0.421875,,level1-baseline-v3,cosine,22260614,3.14.5,2.12.0+cpu,5.8.4,Windows-11-10.0.26100-SP0,-0.125,0.125,-0.125,1.0,0.65234375,0.0,0.0
COLLAPSE_SINGLE,D1024_F4_M10_SD0,random_unconditional,quarter,,0.25,1024,4,10,0,0.0,3,64,0.0,0.0,0.21875,0.78125,0.0,0.0,0.056626022971156334,0.10546875,0.21875,0.13502197461349755,0.3343301633077779,0.0,1.0,0.78125,0.665669836692222,0.8649780253865025,0.21875,0.0,0.33984375,0.11328125,,1.0,0.0,11.171875,12.0,0.5365706323646009,-0.009490966796875,134.0625,137280.0,1.0625,,level1-baseline-v3,cosine,22260614,3.14.5,2.12.0+cpu,5.8.4,Windows-11-10.0.26100-SP0,-0.109375,0.140625,-0.109375,1.0,0.66015625,0.0,0.0
EASY_SINGLE,D256_F3_M5_SD0,global,full,,0.0,256,3,5,0,0.0,5,64,1.0,0.0,0.0,0.0,1.0,0.9433739770288436,1.0,1.0,0.0,0.0,0.056626022971156334,,,0.0,0.0,0.056626022971156334,1.0,1.0,1.0,0.2,1.0,0.0,0.0,3.1875,3.0,0.9356282552083334,1.0,47.8125,12240.0,0.0,,level1-baseline-v3,cosine,22260614,3.14.5,2.12.0+cpu,5.8.4,Windows-11-10.0.26100-SP0,0.0,0.0,0.0,,,,
EASY_SINGLE,D256_F3_M5_SD0,global,full,,0.1,256,3,5,0,0.0,5,64,1.0,0.0,0.0,0.0,1.0,0.9433739770288436,1.0,1.0,0.0,0.0,0.056626022971156334,,,0.0,0.0,0.056626022971156334,1.0,1.0,1.0,0.2,1.0,0.0,0.0,3.203125,3.0,0.9357503255208334,1.0,48.046875,12300.0,0.234375,,level1-baseline-v3,cosine,22260614,3.14.5,2.12.0+cpu,5.8.4,Windows-11-10.0.26100-SP0,0.0,0.0,0.0,,,,
EASY_SINGLE,D256_F3_M5_SD0,global,full,,0.25,256,3,5,0,0.0,5,64,1.0,0.0,0.0,0.0,1.0,0.9433739770288436,1.0,1.0,0.0,0.0,0.056626022971156334,,,0.0,0.0,0.056626022971156334,1.0,1.0,1.0,0.2,1.0,0.0,0.0,3.25,3.0,0.9359944661458334,1.0,48.75,12480.0,0.734375,,level1-baseline-v3,cosine,22260614,3.14.5,2.12.0+cpu,5.8.4,Windows-11-10.0.26100-SP0,0.0,0.0,0.0,,,,
EASY_SINGLE,D256_F3_M5_SD0,oracle_l2_context,half,,0.0,256,3,5,0,0.0,3,64,0.5625,0.0,0.359375,0.078125,0.5625,0.4408599177828787,0.6770618293457267,0.671875,0.359375,0.2528823053221462,0.4817937636384916,0.0,1.0,0.078125,0.03383067809543547,0.1701975287864777,0.921875,0.5625,0.8333333333333334,0.2777777777777778,1.0,0.4375,0.0,4.9375,3.0,0.7621573591604829,0.5869140625,44.4375,11376.0,0.0,,level1-baseline-v3,cosine,22260614,3.14.5,2.12.0+cpu,5.8.4,Windows-11-10.0.26100-SP0,-0.4375,0.359375,-0.4375,0.4375,0.16666666666666663,0.19791666666666674,0.296875
EASY_SINGLE,D256_F3_M5_SD0,oracle_l2_context,half,,0.1,256,3,5,0,0.0,3,64,0.484375,0.0,0.390625,0.125,0.484375,0.36633348565783896,0.6041860775600096,0.6041666666666666,0.390625,0.28055388546896454,0.5130830570559759,0.0,1.0,0.125,0.06472165392620802,0.2277478633021592,0.875,0.484375,0.7916666666666666,0.2638888888888889,1.0,0.515625,0.0,5.484375,3.0,0.7261741400385896,0.5087890625,49.359375,12636.0,0.234375,,level1-baseline-v3,cosine,22260614,3.14.5,2.12.0+cpu,5.8.4,Windows-11-10.0.26100-SP0,-0.515625,0.390625,-0.515625,0.515625,0.20833333333333337,0.16145833333333337,0.203125
EASY_SINGLE,D256_F3_M5_SD0,oracle_l2_context,half,,0.25,256,3,5,0,0.0,3,64,0.40625,0.0,0.40625,0.1875,0.40625,0.2945672443525889,0.528550134954503,0.5416666666666666,0.40625,0.2945672443525889,0.528550134954503,0.0,1.0,0.1875,0.11064534880922099,0.2997459155477517,0.8125,0.40625,0.7604166666666666,0.2534722222222222,1.0,0.59375,0.0,5.84375,4.0,0.7018587326941391,0.432373046875,52.59375,13464.0,0.734375,,level1-baseline-v3,cosine,22260614,3.14.5,2.12.0+cpu,5.8.4,Windows-11-10.0.26100-SP0,-0.59375,0.40625,-0.59375,0.59375,0.23958333333333337,0.14583333333333337,0.15625
EASY_SINGLE,D256_F3_M5_SD0,oracle_l2_context,quarter,,0.0,256,3,5,0,0.0,2,64,0.34375,0.0,0.515625,0.140625,0.34375,0.23922975035469027,0.46596588182379606,0.5364583333333334,0.515625,0.3958139224399903,0.6336665143421609,0.0,1.0,0.140625,0.07578487006414436,0.24616508394637426,0.859375,0.34375,0.7239583333333333,0.36197916666666663,1.0,0.65625,0.0,4.625,3.0,0.9850485033045212,0.370849609375,27.75,7104.0,0.0,,level1-baseline-v3,cosine,22260614,3.14.5,2.12.0+cpu,5.8.4,Windows-11-10.0.26100-SP0,-0.65625,0.515625,-0.65625,0.65625,0.27604166666666674,0.37499999999999994,0.3125
EASY_SINGLE,D256_F3_M5_SD0,oracle_l2_context,quarter,,0.1,256,3,5,0,0.0,2,64,0.328125,0.0,0.546875,0.125,0.328125,0.2257039576708776,0.45001123772545737,0.5104166666666666,0.546875,0.4257338252067978,0.6627074851396563,0.0,1.0,0.125,0.06472165392620802,0.2277478633021592,0.875,0.328125,0.6875,0.34375,1.0,0.671875,0.0,4.421875,3.0,0.9799215501795212,0.3560791015625,26.53125,6792.0,0.234375,,level1-baseline-v3,cosine,22260614,3.14.5,2.12.0+cpu,5.8.4,Windows-11-10.0.26100-SP0,-0.671875,0.546875,-0.671875,0.671875,0.3125,0.328125,0.28125
EASY_SINGLE,D256_F3_M5_SD0,oracle_l2_context,quarter,,0.25,256,3,5,0,0.0,2,64,0.234375,0.0,0.609375,0.15625,0.234375,0.1474976721963502,0.35133490250707655,0.46875,0.609375,0.486916942944024,0.7194461145310355,0.0,1.0,0.15625,0.08714748876961673,0.26428290202305327,0.84375,0.234375,0.6354166666666666,0.3177083333333333,1.0,0.765625,0.0,4.703125,3.0,0.975201498096188,0.2637939453125,28.21875,7224.0,0.734375,,level1-baseline-v3,cosine,22260614,3.14.5,2.12.0+cpu,5.8.4,Windows-11-10.0.26100-SP0,-0.765625,0.609375,-0.765625,0.765625,0.36458333333333337,0.265625,0.171875
EASY_SINGLE,D256_F3_M5_SD0,oracle_truth_included,half,,0.0,256,3,5,0,0.0,3,64,1.0,0.0,0.0,0.0,1.0,0.9433739770288436,1.0,1.0,0.0,0.0,0.056626022971156334,,,0.0,0.0,0.056626022971156334,1.0,1.0,1.0,0.3333333333333333,1.0,0.0,0.0,3.015625,3.0,0.9635823567708334,1.0,27.140625,6948.0,0.0,,level1-baseline-v3,cosine,22260614,3.14.5,2.12.0+cpu,5.8.4,Windows-11-10.0.26100-SP0,0.0,0.0,0.0,0.0,0.0,0.36458333333333337,0.734375
EASY_SINGLE,D256_F3_M5_SD0,oracle_truth_included,half,,0.1,256,3,5,0,0.0,3,64,1.0,0.0,0.0,0.0,1.0,0.9433739770288436,1.0,1.0,0.0,0.0,0.056626022971156334,,,0.0,0.0,0.056626022971156334,1.0,1.0,1.0,0.3333333333333333,1.0,0.0,0.0,3.015625,3.0,0.9661051432291666,1.0,27.140625,6948.0,0.234375,,level1-baseline-v3,cosine,22260614,3.14.5,2.12.0+cpu,5.8.4,Windows-11-10.0.26100-SP0,0.0,0.0,0.0,0.0,0.0,0.36979166666666674,0.71875
EASY_SINGLE,D256_F3_M5_SD0,oracle_truth_included,half,,0.25,256,3,5,0,0.0,3,64,1.0,0.0,0.0,0.0,1.0,0.9433739770288436,1.0,1.0,0.0,0.0,0.056626022971156334,,,0.0,0.0,0.056626022971156334,1.0,1.0,1.0,0.3333333333333333,1.0,0.0,0.0,3.015625,3.0,0.9646402994791666,1.0,27.140625,6948.0,0.734375,,level1-baseline-v3,cosine,22260614,3.14.5,2.12.0+cpu,5.8.4,Windows-11-10.0.26100-SP0,0.0,0.0,0.0,0.0,0.0,0.38541666666666674,0.75
EASY_SINGLE,D256_F3_M5_SD0,oracle_truth_included,quarter,,0.0,256,3,5,0,0.0,2,64,1.0,0.0,0.0,0.0,1.0,0.9433739770288436,1.0,1.0,0.0,0.0,0.056626022971156334,,,0.0,0.0,0.056626022971156334,1.0,1.0,1.0,0.5,1.0,0.0,0.0,3.0,3.0,0.9927164713541666,1.0,18.0,4608.0,0.0,,level1-baseline-v3,cosine,22260614,3.14.5,2.12.0+cpu,5.8.4,Windows-11-10.0.26100-SP0,0.0,0.0,0.0,0.0,0.0,0.6510416666666667,0.96875
EASY_SINGLE,D256_F3_M5_SD0,oracle_truth_included,quarter,,0.1,256,3,5,0,0.0,2,64,1.0,0.0,0.0,0.0,1.0,0.9433739770288436,1.0,1.0,0.0,0.0,0.056626022971156334,,,0.0,0.0,0.056626022971156334,1.0,1.0,1.0,0.5,1.0,0.0,0.0,3.0,3.0,0.9932047526041666,1.0,18.0,4608.0,0.234375,,level1-baseline-v3,cosine,22260614,3.14.5,2.12.0+cpu,5.8.4,Windows-11-10.0.26100-SP0,0.0,0.0,0.0,0.0,0.0,0.640625,0.953125
EASY_SINGLE,D256_F3_M5_SD0,oracle_truth_included,quarter,,0.25,256,3,5,0,0.0,2,64,1.0,0.0,0.0,0.0,1.0,0.9433739770288436,1.0,1.0,0.0,0.0,0.056626022971156334,,,0.0,0.0,0.056626022971156334,1.0,1.0,1.0,0.5,1.0,0.0,0.0,3.0,3.0,0.9922688802083334,1.0,18.0,4608.0,0.734375,,level1-baseline-v3,cosine,22260614,3.14.5,2.12.0+cpu,5.8.4,Windows-11-10.0.26100-SP0,0.0,0.0,0.0,0.0,0.0,0.6302083333333334,0.9375
EASY_SINGLE,D256_F3_M5_SD0,predicted_l2_context,half,0.7,0.0,256,3,5,0,0.0,3,64,0.4375,0.0,0.453125,0.109375,0.4375,0.3229381706542733,0.5591400822171212,0.59375,0.453125,0.33729251486034373,0.5742661747932022,0.0,1.0,0.109375,0.054000447526830544,0.20898863291938535,0.890625,0.4375,0.7708333333333333,0.2569444444444444,1.0,0.5625,0.0,5.515625,3.0,0.7096302146092057,0.4713134765625,49.640625,12708.0,0.0,0.703125,level1-baseline-v3,cosine,22260614,3.14.5,2.12.0+cpu,5.8.4,Windows-11-10.0.26100-SP0,-0.5625,0.453125,-0.5625,0.5625,0.22916666666666674,0.13541666666666663,0.171875
EASY_SINGLE,D256_F3_M5_SD0,predicted_l2_context,half,0.7,0.1,256,3,5,0,0.0,3,64,0.390625,0.0,0.453125,0.15625,0.390625,0.28055388546896454,0.5130830570559759,0.5520833333333334,0.453125,0.33729251486034373,0.5742661747932022,0.0,1.0,0.15625,0.08714748876961673,0.26428290202305327,0.84375,0.390625,0.7395833333333333,0.24652777777777776,1.0,0.609375,0.0,5.984375,4.0,0.6882300299281875,0.421142578125,53.859375,13788.0,0.234375,0.703125,level1-baseline-v3,cosine,22260614,3.14.5,2.12.0+cpu,5.8.4,Windows-11-10.0.26100-SP0,-0.609375,0.453125,-0.609375,0.609375,0.26041666666666674,0.109375,0.109375
EASY_SINGLE,D256_F3_M5_SD0,predicted_l2_context,half,0.7,0.25,256,3,5,0,0.0,3,64,0.3125,0.0,0.484375,0.203125,0.3125,0.21230909502265743,0.43392566359152623,0.4895833333333333,0.484375,0.36633348565783896,0.6041860775600096,0.0,1.0,0.203125,0.12273302562695813,0.3171386755121659,0.796875,0.3125,0.7135416666666666,0.2378472222222222,1.0,0.6875,0.0,6.4375,5.0,0.6623511236781875,0.3436279296875,57.9375,14832.0,0.734375,0.703125,level1-baseline-v3,cosine,22260614,3.14.5,2.12.0+cpu,5.8.4,Windows-11-10.0.26100-SP0,-0.6875,0.484375,-0.6875,0.6875,0.28645833333333337,0.09895833333333337,0.0625
EASY_SINGLE,D256_F3_M5_SD0,predicted_l2_context,half,0.9,0.0,256,3,5,0,0.0,3,64,0.515625,0.0,0.390625,0.09375,0.515625,0.3958139224399903,0.6336665143421609,0.6510416666666666,0.390625,0.28055388546896454,0.5130830570559759,0.0,1.0,0.09375,0.04367765783128784,0.1898309858327767,0.90625,0.515625,0.8125,0.2708333333333333,1.0,0.484375,0.0,5.171875,3.0,0.7447419945771495,0.5440673828125,46.546875,11916.0,0.0,0.90625,level1-baseline-v3,cosine,22260614,3.14.5,2.12.0+cpu,5.8.4,Windows-11-10.0.26100-SP0,-0.484375,0.390625,-0.484375,0.484375,0.1875,0.17708333333333337,0.25
EASY_SINGLE,D256_F3_M5_SD0,predicted_l2_context,half,0.9,0.1,256,3,5,0,0.0,3,64,0.4375,0.0,0.421875,0.140625,0.4375,0.3229381706542733,0.5591400822171212,0.5833333333333334,0.421875,0.3086959366145158,0.5439018794747275,0.0,1.0,0.140625,0.07578487006414436,0.24616508394637426,0.859375,0.4375,0.7708333333333333,0.2569444444444444,1.0,0.5625,0.0,5.71875,3.0,0.7087587754552563,0.4659423828125,51.46875,13176.0,0.234375,0.90625,level1-baseline-v3,cosine,22260614,3.14.5,2.12.0+cpu,5.8.4,Windows-11-10.0.26100-SP0,-0.5625,0.421875,-0.5625,0.5625,0.22916666666666674,0.140625,0.15625
EASY_SINGLE,D256_F3_M5_SD0,predicted_l2_context,half,0.9,0.25,256,3,5,0,0.0,3,64,0.359375,0.0,0.4375,0.203125,0.359375,0.2528823053221462,0.4817937636384916,0.5208333333333334,0.4375,0.3229381706542733,0.5591400822171212,0.0,1.0,0.203125,0.12273302562695813,0.3171386755121659,0.796875,0.359375,0.7395833333333333,0.24652777777777776,1.0,0.640625,0.0,6.078125,4.5,0.6844433681108057,0.3895263671875,54.703125,14004.0,0.734375,0.90625,level1-baseline-v3,cosine,22260614,3.14.5,2.12.0+cpu,5.8.4,Windows-11-10.0.26100-SP0,-0.640625,0.4375,-0.640625,0.640625,0.26041666666666674,0.125,0.109375
EASY_SINGLE,D256_F3_M5_SD0,predicted_l2_context,half,1.0,0.0,256,3,5,0,0.0,3,64,0.5625,0.0,0.359375,0.078125,0.5625,0.4408599177828787,0.6770618293457267,0.671875,0.359375,0.2528823053221462,0.4817937636384916,0.0,1.0,0.078125,0.03383067809543547,0.1701975287864777,0.921875,0.5625,0.8333333333333334,0.2777777777777778,1.0,0.4375,0.0,4.9375,3.0,0.7621573591604829,0.5869140625,44.4375,11376.0,0.0,1.0,level1-baseline-v3,cosine,22260614,3.14.5,2.12.0+cpu,5.8.4,Windows-11-10.0.26100-SP0,-0.4375,0.359375,-0.4375,0.4375,0.16666666666666663,0.19791666666666674,0.296875
EASY_SINGLE,D256_F3_M5_SD0,predicted_l2_context,half,1.0,0.1,256,3,5,0,0.0,3,64,0.484375,0.0,0.390625,0.125,0.484375,0.36633348565783896,0.6041860775600096,0.6041666666666666,0.390625,0.28055388546896454,0.5130830570559759,0.0,1.0,0.125,0.06472165392620802,0.2277478633021592,0.875,0.484375,0.7916666666666666,0.2638888888888889,1.0,0.515625,0.0,5.484375,3.0,0.7261741400385896,0.5087890625,49.359375,12636.0,0.234375,1.0,level1-baseline-v3,cosine,22260614,3.14.5,2.12.0+cpu,5.8.4,Windows-11-10.0.26100-SP0,-0.515625,0.390625,-0.515625,0.515625,0.20833333333333337,0.16145833333333337,0.203125
EASY_SINGLE,D256_F3_M5_SD0,predicted_l2_context,half,1.0,0.25,256,3,5,0,0.0,3,64,0.40625,0.0,0.40625,0.1875,0.40625,0.2945672443525889,0.528550134954503,0.5416666666666666,0.40625,0.2945672443525889,0.528550134954503,0.0,1.0,0.1875,0.11064534880922099,0.2997459155477517,0.8125,0.40625,0.7604166666666666,0.2534722222222222,1.0,0.59375,0.0,5.84375,4.0,0.7018587326941391,0.432373046875,52.59375,13464.0,0.734375,1.0,level1-baseline-v3,cosine,22260614,3.14.5,2.12.0+cpu,5.8.4,Windows-11-10.0.26100-SP0,-0.59375,0.40625,-0.59375,0.59375,0.23958333333333337,0.14583333333333337,0.15625
EASY_SINGLE,D256_F3_M5_SD0,predicted_l2_context,quarter,0.7,0.0,256,3,5,0,0.0,2,64,0.3125,0.0,0.578125,0.109375,0.3125,0.21230909502265743,0.43392566359152623,0.4739583333333333,0.578125,0.4560981205252726,0.6913040633854842,0.0,1.0,0.109375,0.054000447526830544,0.20898863291938535,0.890625,0.3125,0.65625,0.328125,1.0,0.6875,0.0,4.25,3.0,0.98673309199512,0.35107421875,25.5,6528.0,0.0,0.75,level1-baseline-v3,cosine,22260614,3.14.5,2.12.0+cpu,5.8.4,Windows-11-10.0.26100-SP0,-0.6875,0.578125,-0.6875,0.6875,0.34375,0.3072916666666667,0.28125
EASY_SINGLE,D256_F3_M5_SD0,predicted_l2_context,quarter,0.7,0.1,256,3,5,0,0.0,2,64,0.296875,0.0,0.59375,0.109375,0.296875,0.19904999589075245,0.4177043259412798,0.4739583333333333,0.59375,0.4714498650454971,0.7054327556474111,0.0,1.0,0.109375,0.054000447526830544,0.20898863291938535,0.890625,0.296875,0.6666666666666666,0.3333333333333333,1.0,0.703125,0.0,4.265625,3.0,0.9912903836617868,0.33349609375,25.59375,6552.0,0.234375,0.75,level1-baseline-v3,cosine,22260614,3.14.5,2.12.0+cpu,5.8.4,Windows-11-10.0.26100-SP0,-0.703125,0.59375,-0.703125,0.703125,0.33333333333333337,0.30729166666666663,0.25
EASY_SINGLE,D256_F3_M5_SD0,predicted_l2_context,quarter,0.7,0.25,256,3,5,0,0.0,2,64,0.234375,0.0,0.640625,0.125,0.234375,0.1474976721963502,0.35133490250707655,0.4583333333333333,0.640625,0.5182062363615084,0.7471176946778538,0.0,1.0,0.125,0.06472165392620802,0.2277478633021592,0.875,0.234375,0.6458333333333333,0.32291666666666663,1.0,0.765625,0.0,4.53125,3.0,0.988751302783688,0.2685546875,27.1875,6960.0,0.734375,0.75,level1-baseline-v3,cosine,22260614,3.14.5,2.12.0+cpu,5.8.4,Windows-11-10.0.26100-SP0,-0.765625,0.640625,-0.765625,0.765625,0.35416666666666674,0.27604166666666663,0.171875
EASY_SINGLE,D256_F3_M5_SD0,predicted_l2_context,quarter,0.9,0.0,256,3,5,0,0.0,2,64,0.34375,0.0,0.515625,0.140625,0.34375,0.23922975035469027,0.46596588182379606,0.5208333333333334,0.515625,0.3958139224399903,0.6336665143421609,0.0,1.0,0.140625,0.07578487006414436,0.24616508394637426,0.859375,0.34375,0.7083333333333333,0.35416666666666663,1.0,0.65625,0.0,4.53125,3.0,0.9981914069503546,0.372802734375,27.1875,6960.0,0.0,0.90625,level1-baseline-v3,cosine,22260614,3.14.5,2.12.0+cpu,5.8.4,Windows-11-10.0.26100-SP0,-0.65625,0.515625,-0.65625,0.65625,0.29166666666666674,0.35937499999999994,0.3125
EASY_SINGLE,D256_F3_M5_SD0,predicted_l2_context,quarter,0.9,0.1,256,3,5,0,0.0,2,64,0.328125,0.0,0.5625,0.109375,0.328125,0.2257039576708776,0.45001123772545737,0.5052083333333334,0.5625,0.4408599177828787,0.6770618293457267,0.0,1.0,0.109375,0.054000447526830544,0.20898863291938535,0.890625,0.328125,0.6875,0.34375,1.0,0.671875,0.0,4.28125,3.0,0.9981100267420212,0.356201171875,25.6875,6576.0,0.234375,0.90625,level1-baseline-v3,cosine,22260614,3.14.5,2.12.0+cpu,5.8.4,Windows-11-10.0.26100-SP0,-0.671875,0.5625,-0.671875,0.671875,0.3125,0.328125,0.28125
EASY_SINGLE,D256_F3_M5_SD0,predicted_l2_context,quarter,0.9,0.25,256,3,5,0,0.0,2,64,0.265625,0.0,0.609375,0.125,0.265625,0.17296238569537764,0.38483106257235195,0.484375,0.609375,0.486916942944024,0.7194461145310355,0.0,1.0,0.125,0.06472165392620802,0.2277478633021592,0.875,0.265625,0.6510416666666666,0.3255208333333333,1.0,0.734375,0.0,4.46875,3.0,0.993389974658688,0.295166015625,26.8125,6864.0,0.734375,0.90625,level1-baseline-v3,cosine,22260614,3.14.5,2.12.0+cpu,5.8.4,Windows-11-10.0.26100-SP0,-0.734375,0.609375,-0.734375,0.734375,0.34895833333333337,0.28125,0.203125
EASY_SINGLE,D256_F3_M5_SD0,predicted_l2_context,quarter,1.0,0.0,256,3,5,0,0.0,2,64,0.34375,0.0,0.515625,0.140625,0.34375,0.23922975035469027,0.46596588182379606,0.5364583333333334,0.515625,0.3958139224399903,0.6336665143421609,0.0,1.0,0.140625,0.07578487006414436,0.24616508394637426,0.859375,0.34375,0.7239583333333333,0.36197916666666663,1.0,0.65625,0.0,4.625,3.0,0.9850485033045212,0.370849609375,27.75,7104.0,0.0,1.0,level1-baseline-v3,cosine,22260614,3.14.5,2.12.0+cpu,5.8.4,Windows-11-10.0.26100-SP0,-0.65625,0.515625,-0.65625,0.65625,0.27604166666666674,0.37499999999999994,0.3125
EASY_SINGLE,D256_F3_M5_SD0,predicted_l2_context,quarter,1.0,0.1,256,3,5,0,0.0,2,64,0.328125,0.0,0.546875,0.125,0.328125,0.2257039576708776,0.45001123772545737,0.5104166666666666,0.546875,0.4257338252067978,0.6627074851396563,0.0,1.0,0.125,0.06472165392620802,0.2277478633021592,0.875,0.328125,0.6875,0.34375,1.0,0.671875,0.0,4.421875,3.0,0.9799215501795212,0.3560791015625,26.53125,6792.0,0.234375,1.0,level1-baseline-v3,cosine,22260614,3.14.5,2.12.0+cpu,5.8.4,Windows-11-10.0.26100-SP0,-0.671875,0.546875,-0.671875,0.671875,0.3125,0.328125,0.28125
EASY_SINGLE,D256_F3_M5_SD0,predicted_l2_context,quarter,1.0,0.25,256,3,5,0,0.0,2,64,0.234375,0.0,0.609375,0.15625,0.234375,0.1474976721963502,0.35133490250707655,0.46875,0.609375,0.486916942944024,0.7194461145310355,0.0,1.0,0.15625,0.08714748876961673,0.26428290202305327,0.84375,0.234375,0.6354166666666666,0.3177083333333333,1.0,0.765625,0.0,4.703125,3.0,0.975201498096188,0.2637939453125,28.21875,7224.0,0.734375,1.0,level1-baseline-v3,cosine,22260614,3.14.5,2.12.0+cpu,5.8.4,Windows-11-10.0.26100-SP0,-0.765625,0.609375,-0.765625,0.765625,0.36458333333333337,0.265625,0.171875
EASY_SINGLE,D256_F3_M5_SD0,random_unconditional,half,,0.0,256,3,5,0,0.0,3,64,0.265625,0.0,0.546875,0.1875,0.265625,0.17296238569537764,0.38483106257235195,0.359375,0.546875,0.4257338252067978,0.6627074851396563,0.0,1.0,0.1875,0.11064534880922099,0.2997459155477517,0.8125,0.265625,0.6354166666666666,0.21180555555555555,1.0,0.734375,0.0,5.859375,4.0,0.6064716262432436,0.2884521484375,52.734375,13500.0,0.0,,level1-baseline-v3,cosine,22260614,3.14.5,2.12.0+cpu,5.8.4,Windows-11-10.0.26100-SP0,-0.734375,0.546875,-0.734375,0.734375,0.36458333333333337,0.0,0.0
EASY_SINGLE,D256_F3_M5_SD0,random_unconditional,half,,0.1,256,3,5,0,0.0,3,64,0.28125,0.0,0.546875,0.171875,0.28125,0.18593226105484584,0.40134162399503504,0.3645833333333333,0.546875,0.4257338252067978,0.6627074851396563,0.0,1.0,0.171875,0.0987764126731623,0.2821344149016591,0.828125,0.28125,0.6302083333333333,0.21006944444444442,1.0,0.71875,0.0,5.71875,4.0,0.5917972871102393,0.2999267578125,51.46875,13176.0,0.234375,,level1-baseline-v3,cosine,22260614,3.14.5,2.12.0+cpu,5.8.4,Windows-11-10.0.26100-SP0,-0.71875,0.546875,-0.71875,0.71875,0.36979166666666674,0.0,0.0
EASY_SINGLE,D256_F3_M5_SD0,random_unconditional,half,,0.25,256,3,5,0,0.0,3,64,0.25,0.0,0.609375,0.140625,0.25,0.16014791974174092,0.36816509174383727,0.359375,0.609375,0.486916942944024,0.7194461145310355,0.0,1.0,0.140625,0.07578487006414436,0.24616508394637426,0.859375,0.25,0.6145833333333333,0.2048611111111111,1.0,0.75,0.0,5.671875,4.0,0.5797681148008754,0.2698974609375,51.046875,13068.0,0.734375,,level1-baseline-v3,cosine,22260614,3.14.5,2.12.0+cpu,5.8.4,Windows-11-10.0.26100-SP0,-0.75,0.609375,-0.75,0.75,0.38541666666666674,0.0,0.0
EASY_SINGLE,D256_F3_M5_SD0,random_unconditional,quarter,,0.0,256,3,5,0,0.0,2,64,0.03125,0.0,0.859375,0.109375,0.03125,0.00861195771251659,0.10697493882294247,0.18229166666666666,0.859375,0.7538349160536257,0.9242151299358556,0.0,1.0,0.109375,0.054000447526830544,0.20898863291938535,0.890625,0.03125,0.3489583333333333,0.17447916666666666,1.0,0.96875,0.0,4.546875,4.0,0.9459343565007051,0.07421875,27.28125,6984.0,0.0,,level1-baseline-v3,cosine,22260614,3.14.5,2.12.0+cpu,5.8.4,Windows-11-10.0.26100-SP0,-0.96875,0.859375,-0.96875,0.96875,0.6510416666666667,0.0,0.0
EASY_SINGLE,D256_F3_M5_SD0,random_unconditional,quarter,,0.1,256,3,5,0,0.0,2,64,0.046875,0.0,0.859375,0.09375,0.046875,0.016068725432185196,0.12899860788542522,0.18229166666666666,0.859375,0.7538349160536257,0.9242151299358556,0.0,1.0,0.09375,0.04367765783128784,0.1898309858327767,0.90625,0.046875,0.359375,0.1796875,1.0,0.953125,0.0,4.5,4.0,0.9459343565007051,0.0946044921875,27.0,6912.0,0.234375,,level1-baseline-v3,cosine,22260614,3.14.5,2.12.0+cpu,5.8.4,Windows-11-10.0.26100-SP0,-0.953125,0.859375,-0.953125,0.953125,0.640625,0.0,0.0
EASY_SINGLE,D256_F3_M5_SD0,random_unconditional,quarter,,0.25,256,3,5,0,0.0,2,64,0.0625,0.0,0.875,0.0625,0.0625,0.024570803674792932,0.14997696642496888,0.18229166666666666,0.875,0.7722521366978408,0.9352783460737919,0.0,1.0,0.0625,0.024570803674792932,0.14997696642496888,0.9375,0.0625,0.36979166666666663,0.18489583333333331,1.0,0.9375,0.0,4.28125,4.0,0.9664421690007051,0.1053466796875,25.6875,6576.0,0.734375,,level1-baseline-v3,cosine,22260614,3.14.5,2.12.0+cpu,5.8.4,Windows-11-10.0.26100-SP0,-0.9375,0.875,-0.9375,0.9375,0.6302083333333334,0.0,0.0
HARD_STRUCTURED_MIXTURE,D1024_F3_M5_SD2,global,full,,0.0,1024,3,5,2,0.0,5,64,0.234375,0.515625,0.0625,0.1875,0.234375,0.1474976721963502,0.35133490250707655,0.625,0.578125,0.4560981205252726,0.6913040633854842,0.8918918918918919,0.10810810810810811,0.1875,0.11064534880922099,0.2997459155477517,0.8125,1.0,1.0,0.2,0.234375,0.0,0.765625,5.453125,4.0,0.671142578125,0.4645790141512407,81.796875,83760.0,0.0,,level1-baseline-v3,cosine,22260614,3.14.5,2.12.0+cpu,5.8.4,Windows-11-10.0.26100-SP0,0.0,0.0,0.0,,,,
HARD_STRUCTURED_MIXTURE,D1024_F3_M5_SD2,global,full,,0.1,1024,3,5,2,0.0,5,64,0.171875,0.546875,0.03125,0.25,0.171875,0.0987764126731623,0.2821344149016591,0.5572916666666666,0.578125,0.4560981205252726,0.6913040633854842,0.9459459459459459,0.05405405405405406,0.25,0.16014791974174092,0.36816509174383727,0.75,1.0,1.0,0.2,0.171875,0.0,0.828125,5.96875,4.0,0.6628702483139932,0.43952104299751227,89.53125,91680.0,0.265625,,level1-baseline-v3,cosine,22260614,3.14.5,2.12.0+cpu,5.8.4,Windows-11-10.0.26100-SP0,0.0,0.0,0.0,,,,
HARD_STRUCTURED_MIXTURE,D1024_F3_M5_SD2,global,full,,0.25,1024,3,5,2,0.0,5,64,0.1875,0.53125,0.078125,0.203125,0.21875,0.13502197461349755,0.3343301633077779,0.5729166666666666,0.609375,0.486916942944024,0.7194461145310355,0.8717948717948718,0.1282051282051282,0.171875,0.0987764126731623,0.2821344149016591,0.796875,1.0,1.0,0.2,0.21875,0.0,0.78125,5.5625,4.0,0.6816487313869098,0.4448317942333233,83.4375,85440.0,0.578125,,level1-baseline-v3,cosine,22260614,3.14.5,2.12.0+cpu,5.8.4,Windows-11-10.0.26100-SP0,0.0,0.0,0.0,,,,
HARD_STRUCTURED_MIXTURE,D1024_F3_M5_SD2,oracle_l2_context,half,,0.0,1024,3,5,2,0.0,3,64,0.234375,0.453125,0.140625,0.171875,0.234375,0.1474976721963502,0.35133490250707655,0.5729166666666666,0.59375,0.4714498650454971,0.7054327556474111,0.7631578947368421,0.23684210526315788,0.171875,0.0987764126731623,0.2821344149016591,0.828125,0.609375,0.8385416666666666,0.2795138888888889,0.38461538461538464,0.390625,0.375,4.9375,3.0,0.8144597386320432,0.4118638889849535,44.4375,45504.0,0.0,,level1-baseline-v3,cosine,22260614,3.14.5,2.12.0+cpu,5.8.4,Windows-11-10.0.26100-SP0,0.0,0.015625,0.0,0.296875,0.16145833333333337,0.25520833333333337,0.140625
HARD_STRUCTURED_MIXTURE,D1024_F3_M5_SD2,oracle_l2_context,half,,0.1,1024,3,5,2,0.0,3,64,0.328125,0.4375,0.171875,0.0625,0.328125,0.2257039576708776,0.45001123772545737,0.609375,0.609375,0.486916942944024,0.7194461145310355,0.717948717948718,0.28205128205128205,0.0625,0.024570803674792932,0.14997696642496888,0.9375,0.546875,0.8072916666666666,0.2690972222222222,0.6,0.453125,0.21875,4.265625,3.0,0.8244080335522691,0.4486504619635525,38.390625,39312.0,0.265625,,level1-baseline-v3,cosine,22260614,3.14.5,2.12.0+cpu,5.8.4,Windows-11-10.0.26100-SP0,0.15625,0.03125,0.15625,0.21875,0.19270833333333337,0.21875,0.234375
HARD_STRUCTURED_MIXTURE,D1024_F3_M5_SD2,oracle_l2_context,half,,0.25,1024,3,5,2,0.0,3,64,0.28125,0.5,0.140625,0.078125,0.28125,0.18593226105484584,0.40134162399503504,0.53125,0.640625,0.5182062363615084,0.7471176946778538,0.7804878048780488,0.21951219512195122,0.078125,0.03383067809543547,0.1701975287864777,0.921875,0.53125,0.7916666666666666,0.2638888888888889,0.5294117647058824,0.46875,0.25,4.046875,3.0,0.847808837890625,0.4742429684047238,36.421875,37296.0,0.578125,,level1-baseline-v3,cosine,22260614,3.14.5,2.12.0+cpu,5.8.4,Windows-11-10.0.26100-SP0,0.0625,0.03125,0.09375,0.359375,0.20833333333333337,0.20833333333333337,0.1875
HARD_STRUCTURED_MIXTURE,D1024_F3_M5_SD2,oracle_l2_context,quarter,,0.0,1024,3,5,2,0.0,2,64,0.3125,0.484375,0.171875,0.03125,0.3125,0.21230909502265743,0.43392566359152623,0.5989583333333334,0.65625,0.5340341181762038,0.7607702496453097,0.7380952380952381,0.2619047619047619,0.03125,0.00861195771251659,0.10697493882294247,0.96875,0.484375,0.765625,0.3828125,0.6451612903225806,0.515625,0.171875,3.453125,3.0,0.999114990234375,0.4769149542407831,20.71875,21216.0,0.0,,level1-baseline-v3,cosine,22260614,3.14.5,2.12.0+cpu,5.8.4,Windows-11-10.0.26100-SP0,0.078125,0.078125,0.078125,0.515625,0.234375,0.30208333333333337,0.234375
HARD_STRUCTURED_MIXTURE,D1024_F3_M5_SD2,oracle_l2_context,quarter,,0.1,1024,3,5,2,0.0,2,64,0.34375,0.421875,0.1875,0.046875,0.34375,0.23922975035469027,0.46596588182379606,0.609375,0.609375,0.486916942944024,0.7194461145310355,0.6923076923076923,0.3076923076923077,0.046875,0.016068725432185196,0.12899860788542522,0.953125,0.453125,0.7395833333333334,0.3697916666666667,0.7586206896551724,0.546875,0.109375,3.609375,3.0,0.999114990234375,0.44876436690901755,21.65625,22176.0,0.265625,,level1-baseline-v3,cosine,22260614,3.14.5,2.12.0+cpu,5.8.4,Windows-11-10.0.26100-SP0,0.171875,0.03125,0.171875,0.5,0.26041666666666663,0.26041666666666674,0.296875
HARD_STRUCTURED_MIXTURE,D1024_F3_M5_SD2,oracle_l2_context,quarter,,0.25,1024,3,5,2,0.0,2,64,0.328125,0.375,0.25,0.046875,0.328125,0.2257039576708776,0.45001123772545737,0.515625,0.625,0.5025015331382642,0.7333419611189468,0.6,0.4,0.046875,0.016068725432185196,0.12899860788542522,0.953125,0.4375,0.7083333333333334,0.3541666666666667,0.75,0.5625,0.109375,3.765625,3.0,0.9889424641927084,0.41577550875081215,22.59375,23136.0,0.578125,,level1-baseline-v3,cosine,22260614,3.14.5,2.12.0+cpu,5.8.4,Windows-11-10.0.26100-SP0,0.109375,0.015625,0.140625,0.453125,0.29166666666666663,0.21875000000000006,0.28125
HARD_STRUCTURED_MIXTURE,D1024_F3_M5_SD2,oracle_truth_included,half,,0.0,1024,3,5,2,0.0,3,64,0.53125,0.265625,0.109375,0.09375,0.53125,0.41071875000475133,0.6482421235595515,0.78125,0.375,0.2666580388810532,0.4974984668617358,0.7083333333333334,0.2916666666666667,0.09375,0.04367765783128784,0.1898309858327767,0.90625,1.0,1.0,0.3333333333333333,0.53125,0.0,0.46875,4.265625,3.0,0.864166259765625,0.47952236780838575,38.390625,39312.0,0.0,,level1-baseline-v3,cosine,22260614,3.14.5,2.12.0+cpu,5.8.4,Windows-11-10.0.26100-SP0,0.296875,-0.203125,0.296875,0.0,0.0,0.41666666666666674,0.4375
HARD_STRUCTURED_MIXTURE,D1024_F3_M5_SD2,oracle_truth_included,half,,0.1,1024,3,5,2,0.0,3,64,0.546875,0.265625,0.09375,0.09375,0.546875,0.4257338252067978,0.6627074851396563,0.7708333333333334,0.359375,0.2528823053221462,0.4817937636384916,0.7391304347826086,0.2608695652173913,0.09375,0.04367765783128784,0.1898309858327767,0.90625,1.0,1.0,0.3333333333333333,0.546875,0.0,0.453125,4.1875,3.0,0.8523942033449808,0.4762134211778175,37.6875,38592.0,0.265625,,level1-baseline-v3,cosine,22260614,3.14.5,2.12.0+cpu,5.8.4,Windows-11-10.0.26100-SP0,0.375,-0.21875,0.375,0.0,0.0,0.41145833333333337,0.453125
HARD_STRUCTURED_MIXTURE,D1024_F3_M5_SD2,oracle_truth_included,half,,0.25,1024,3,5,2,0.0,3,64,0.640625,0.234375,0.046875,0.078125,0.640625,0.5182062363615084,0.7471176946778538,0.8072916666666666,0.28125,0.18593226105484584,0.40134162399503504,0.8333333333333334,0.16666666666666666,0.078125,0.03383067809543547,0.1701975287864777,0.921875,1.0,1.0,0.3333333333333333,0.640625,0.0,0.359375,3.953125,3.0,0.868547849667569,0.5098923249461222,35.578125,36432.0,0.578125,,level1-baseline-v3,cosine,22260614,3.14.5,2.12.0+cpu,5.8.4,Windows-11-10.0.26100-SP0,0.421875,-0.328125,0.453125,0.0,0.0,0.41666666666666674,0.546875
HARD_STRUCTURED_MIXTURE,D1024_F3_M5_SD2,oracle_truth_included,quarter,,0.0,1024,3,5,2,0.0,2,64,0.828125,0.15625,0.0,0.015625,0.828125,0.7178655850983409,0.9012235873268377,0.9322916666666666,0.15625,0.08714748876961673,0.26428290202305327,1.0,0.0,0.015625,0.0027634707504014117,0.08334298900290629,0.984375,1.0,1.0,0.5,0.828125,0.0,0.171875,3.1875,3.0,0.9977315266927084,0.5714475565837347,19.125,19584.0,0.0,,level1-baseline-v3,cosine,22260614,3.14.5,2.12.0+cpu,5.8.4,Windows-11-10.0.26100-SP0,0.59375,-0.421875,0.59375,0.0,0.0,0.5364583333333334,0.75
HARD_STRUCTURED_MIXTURE,D1024_F3_M5_SD2,oracle_truth_included,quarter,,0.1,1024,3,5,2,0.0,2,64,0.84375,0.15625,0.0,0.0,0.84375,0.7357170979769467,0.9128525112303834,0.9427083333333334,0.15625,0.08714748876961673,0.26428290202305327,1.0,0.0,0.0,0.0,0.056626022971156334,1.0,1.0,1.0,0.5,0.84375,0.0,0.15625,3.140625,3.0,0.9979960123697916,0.5822672713547945,18.84375,19296.0,0.265625,,level1-baseline-v3,cosine,22260614,3.14.5,2.12.0+cpu,5.8.4,Windows-11-10.0.26100-SP0,0.671875,-0.421875,0.671875,0.0,0.0,0.5208333333333334,0.796875
HARD_STRUCTURED_MIXTURE,D1024_F3_M5_SD2,oracle_truth_included,quarter,,0.25,1024,3,5,2,0.0,2,64,0.78125,0.1875,0.015625,0.015625,0.78125,0.665669836692222,0.8649780253865025,0.9114583333333334,0.203125,0.12273302562695813,0.3171386755121659,0.9230769230769231,0.07692307692307693,0.015625,0.0027634707504014117,0.08334298900290629,0.984375,1.0,1.0,0.5,0.78125,0.0,0.21875,3.25,3.0,0.9922892252604166,0.5620567860460142,19.5,19968.0,0.578125,,level1-baseline-v3,cosine,22260614,3.14.5,2.12.0+cpu,5.8.4,Windows-11-10.0.26100-SP0,0.5625,-0.40625,0.59375,0.0,0.0,0.5104166666666667,0.734375
HARD_STRUCTURED_MIXTURE,D1024_F3_M5_SD2,predicted_l2_context,half,0.7,0.0,1024,3,5,2,0.0,3,64,0.203125,0.40625,0.1875,0.203125,0.203125,0.12273302562695813,0.3171386755121659,0.4947916666666667,0.59375,0.4714498650454971,0.7054327556474111,0.6842105263157895,0.3157894736842105,0.203125,0.12273302562695813,0.3171386755121659,0.796875,0.5,0.765625,0.2552083333333333,0.40625,0.5,0.296875,5.421875,3.0,0.7557439183195432,0.36695827152288985,48.796875,49968.0,0.0,0.75,level1-baseline-v3,cosine,22260614,3.14.5,2.12.0+cpu,5.8.4,Windows-11-10.0.26100-SP0,-0.03125,0.015625,-0.03125,0.328125,0.234375,0.18229166666666674,0.109375
HARD_STRUCTURED_MIXTURE,D1024_F3_M5_SD2,predicted_l2_context,half,0.7,0.1,1024,3,5,2,0.0,3,64,0.296875,0.390625,0.15625,0.15625,0.296875,0.19904999589075245,0.4177043259412798,0.5364583333333334,0.546875,0.4257338252067978,0.6627074851396563,0.7142857142857143,0.2857142857142857,0.15625,0.08714748876961673,0.26428290202305327,0.84375,0.46875,0.7395833333333334,0.24652777777777776,0.6333333333333333,0.53125,0.171875,4.84375,3.0,0.7869418278957406,0.40347792427201057,43.59375,44640.0,0.265625,0.75,level1-baseline-v3,cosine,22260614,3.14.5,2.12.0+cpu,5.8.4,Windows-11-10.0.26100-SP0,0.125,-0.03125,0.125,0.25,0.26041666666666663,0.15104166666666674,0.203125
HARD_STRUCTURED_MIXTURE,D1024_F3_M5_SD2,predicted_l2_context,half,0.7,0.25,1024,3,5,2,0.0,3,64,0.25,0.4375,0.21875,0.09375,0.25,0.16014791974174092,0.36816509174383727,0.4635416666666667,0.65625,0.5340341181762038,0.7607702496453097,0.6666666666666666,0.3333333333333333,0.09375,0.04367765783128784,0.1898309858327767,0.90625,0.4375,0.71875,0.23958333333333331,0.5714285714285714,0.5625,0.1875,4.28125,3.0,0.8090718587239584,0.41562655528105097,38.53125,39456.0,0.578125,0.75,level1-baseline-v3,cosine,22260614,3.14.5,2.12.0+cpu,5.8.4,Windows-11-10.0.26100-SP0,0.03125,0.046875,0.0625,0.390625,0.28125,0.13541666666666674,0.15625
HARD_STRUCTURED_MIXTURE,D1024_F3_M5_SD2,predicted_l2_context,half,0.9,0.0,1024,3,5,2,0.0,3,64,0.21875,0.4375,0.140625,0.203125,0.21875,0.13502197461349755,0.3343301633077779,0.546875,0.578125,0.4560981205252726,0.6913040633854842,0.7567567567567568,0.24324324324324326,0.203125,0.12273302562695813,0.3171386755121659,0.796875,0.578125,0.8229166666666666,0.2743055555555555,0.3783783783783784,0.421875,0.359375,5.1875,3.0,0.7904932672778765,0.3937458834188874,46.6875,47808.0,0.0,0.90625,level1-baseline-v3,cosine,22260614,3.14.5,2.12.0+cpu,5.8.4,Windows-11-10.0.26100-SP0,-0.015625,0.0,-0.015625,0.3125,0.17708333333333337,0.23958333333333337,0.125
HARD_STRUCTURED_MIXTURE,D1024_F3_M5_SD2,predicted_l2_context,half,0.9,0.1,1024,3,5,2,0.0,3,64,0.328125,0.421875,0.15625,0.09375,0.328125,0.2257039576708776,0.45001123772545737,0.5885416666666666,0.578125,0.4560981205252726,0.6913040633854842,0.7297297297297297,0.2702702702702703,0.09375,0.04367765783128784,0.1898309858327767,0.90625,0.53125,0.7916666666666666,0.2638888888888889,0.6176470588235294,0.46875,0.203125,4.40625,3.0,0.8156800062085191,0.43881724838138325,39.65625,40608.0,0.265625,0.90625,level1-baseline-v3,cosine,22260614,3.14.5,2.12.0+cpu,5.8.4,Windows-11-10.0.26100-SP0,0.15625,0.0,0.15625,0.21875,0.20833333333333337,0.203125,0.234375
HARD_STRUCTURED_MIXTURE,D1024_F3_M5_SD2,predicted_l2_context,half,0.9,0.25,1024,3,5,2,0.0,3,64,0.296875,0.453125,0.15625,0.09375,0.296875,0.19904999589075245,0.4177043259412798,0.5208333333333334,0.609375,0.486916942944024,0.7194461145310355,0.7435897435897436,0.2564102564102564,0.09375,0.04367765783128784,0.1898309858327767,0.90625,0.515625,0.7708333333333334,0.2569444444444444,0.5757575757575758,0.484375,0.21875,4.28125,3.0,0.8236490885416666,0.4559489862949704,38.53125,39456.0,0.578125,0.90625,level1-baseline-v3,cosine,22260614,3.14.5,2.12.0+cpu,5.8.4,Windows-11-10.0.26100-SP0,0.078125,0.0,0.109375,0.34375,0.22916666666666663,0.1875000000000001,0.203125
HARD_STRUCTURED_MIXTURE,D1024_F3_M5_SD2,predicted_l2_context,half,1.0,0.0,1024,3,5,2,0.0,3,64,0.234375,0.453125,0.140625,0.171875,0.234375,0.1474976721963502,0.35133490250707655,0.5729166666666666,0.59375,0.4714498650454971,0.7054327556474111,0.7631578947368421,0.23684210526315788,0.171875,0.0987764126731623,0.2821344149016591,0.828125,0.609375,0.8385416666666666,0.2795138888888889,0.38461538461538464,0.390625,0.375,4.9375,3.0,0.8144597386320432,0.4118638889849535,44.4375,45504.0,0.0,1.0,level1-baseline-v3,cosine,22260614,3.14.5,2.12.0+cpu,5.8.4,Windows-11-10.0.26100-SP0,0.0,0.015625,0.0,0.296875,0.16145833333333337,0.25520833333333337,0.140625
HARD_STRUCTURED_MIXTURE,D1024_F3_M5_SD2,predicted_l2_context,half,1.0,0.1,1024,3,5,2,0.0,3,64,0.328125,0.4375,0.171875,0.0625,0.328125,0.2257039576708776,0.45001123772545737,0.609375,0.609375,0.486916942944024,0.7194461145310355,0.717948717948718,0.28205128205128205,0.0625,0.024570803674792932,0.14997696642496888,0.9375,0.546875,0.8072916666666666,0.2690972222222222,0.6,0.453125,0.21875,4.265625,3.0,0.8244080335522691,0.4486504619635525,38.390625,39312.0,0.265625,1.0,level1-baseline-v3,cosine,22260614,3.14.5,2.12.0+cpu,5.8.4,Windows-11-10.0.26100-SP0,0.15625,0.03125,0.15625,0.21875,0.19270833333333337,0.21875,0.234375
HARD_STRUCTURED_MIXTURE,D1024_F3_M5_SD2,predicted_l2_context,half,1.0,0.25,1024,3,5,2,0.0,3,64,0.28125,0.5,0.140625,0.078125,0.28125,0.18593226105484584,0.40134162399503504,0.53125,0.640625,0.5182062363615084,0.7471176946778538,0.7804878048780488,0.21951219512195122,0.078125,0.03383067809543547,0.1701975287864777,0.921875,0.53125,0.7916666666666666,0.2638888888888889,0.5294117647058824,0.46875,0.25,4.046875,3.0,0.847808837890625,0.4742429684047238,36.421875,37296.0,0.578125,1.0,level1-baseline-v3,cosine,22260614,3.14.5,2.12.0+cpu,5.8.4,Windows-11-10.0.26100-SP0,0.0625,0.03125,0.09375,0.359375,0.20833333333333337,0.20833333333333337,0.1875
HARD_STRUCTURED_MIXTURE,D1024_F3_M5_SD2,predicted_l2_context,quarter,0.7,0.0,1024,3,5,2,0.0,2,64,0.234375,0.390625,0.359375,0.015625,0.234375,0.1474976721963502,0.35133490250707655,0.484375,0.75,0.6318349082561628,0.8398520802582591,0.5208333333333334,0.4791666666666667,0.015625,0.0027634707504014117,0.08334298900290629,0.984375,0.359375,0.65625,0.328125,0.6521739130434783,0.640625,0.125,3.34375,3.0,0.9978129069010416,0.37214211877289927,20.0625,20544.0,0.0,0.75,level1-baseline-v3,cosine,22260614,3.14.5,2.12.0+cpu,5.8.4,Windows-11-10.0.26100-SP0,0.0,0.171875,0.0,0.59375,0.34375,0.19270833333333337,0.15625
HARD_STRUCTURED_MIXTURE,D1024_F3_M5_SD2,predicted_l2_context,quarter,0.7,0.1,1024,3,5,2,0.0,2,64,0.28125,0.3125,0.375,0.03125,0.28125,0.18593226105484584,0.40134162399503504,0.5052083333333334,0.6875,0.5660743364084738,0.7876909049773425,0.45454545454545453,0.5454545454545454,0.03125,0.00861195771251659,0.10697493882294247,0.96875,0.34375,0.640625,0.3203125,0.8181818181818182,0.65625,0.0625,3.53125,3.0,0.9978129069010416,0.35401507567439694,21.1875,21696.0,0.265625,0.75,level1-baseline-v3,cosine,22260614,3.14.5,2.12.0+cpu,5.8.4,Windows-11-10.0.26100-SP0,0.109375,0.109375,0.109375,0.5625,0.359375,0.16145833333333337,0.234375
HARD_STRUCTURED_MIXTURE,D1024_F3_M5_SD2,predicted_l2_context,quarter,0.7,0.25,1024,3,5,2,0.0,2,64,0.265625,0.296875,0.359375,0.078125,0.265625,0.17296238569537764,0.38483106257235195,0.4479166666666667,0.65625,0.5340341181762038,0.7607702496453097,0.4523809523809524,0.5476190476190477,0.078125,0.03383067809543547,0.1701975287864777,0.921875,0.359375,0.6354166666666666,0.3177083333333333,0.7391304347826086,0.640625,0.09375,4.109375,3.0,0.9897977424164613,0.3348177967709489,24.65625,25248.0,0.578125,0.75,level1-baseline-v3,cosine,22260614,3.14.5,2.12.0+cpu,5.8.4,Windows-11-10.0.26100-SP0,0.046875,0.046875,0.078125,0.515625,0.36458333333333337,0.14583333333333331,0.21875
HARD_STRUCTURED_MIXTURE,D1024_F3_M5_SD2,predicted_l2_context,quarter,0.9,0.0,1024,3,5,2,0.0,2,64,0.296875,0.453125,0.21875,0.03125,0.296875,0.19904999589075245,0.4177043259412798,0.5885416666666666,0.671875,0.5499887622745426,0.7742960423291224,0.6744186046511628,0.32558139534883723,0.03125,0.00861195771251659,0.10697493882294247,0.96875,0.46875,0.7604166666666666,0.3802083333333333,0.6333333333333333,0.53125,0.171875,3.46875,3.0,0.998809814453125,0.4502017935010372,20.8125,21312.0,0.0,0.953125,level1-baseline-v3,cosine,22260614,3.14.5,2.12.0+cpu,5.8.4,Windows-11-10.0.26100-SP0,0.0625,0.09375,0.0625,0.53125,0.23958333333333337,0.296875,0.21875
HARD_STRUCTURED_MIXTURE,D1024_F3_M5_SD2,predicted_l2_context,quarter,0.9,0.1,1024,3,5,2,0.0,2,64,0.34375,0.375,0.234375,0.046875,0.34375,0.23922975035469027,0.46596588182379606,0.6041666666666666,0.609375,0.486916942944024,0.7194461145310355,0.6153846153846154,0.38461538461538464,0.046875,0.016068725432185196,0.12899860788542522,0.953125,0.4375,0.734375,0.3671875,0.7857142857142857,0.5625,0.09375,3.65625,3.0,0.998809814453125,0.42092660636626533,21.9375,22464.0,0.265625,0.953125,level1-baseline-v3,cosine,22260614,3.14.5,2.12.0+cpu,5.8.4,Windows-11-10.0.26100-SP0,0.171875,0.03125,0.171875,0.5,0.265625,0.25520833333333337,0.296875
HARD_STRUCTURED_MIXTURE,D1024_F3_M5_SD2,predicted_l2_context,quarter,0.9,0.25,1024,3,5,2,0.0,2,64,0.3125,0.34375,0.28125,0.0625,0.3125,0.21230909502265743,0.43392566359152623,0.5,0.625,0.5025015331382642,0.7333419611189468,0.55,0.45,0.0625,0.024570803674792932,0.14997696642496888,0.9375,0.421875,0.703125,0.3515625,0.7407407407407407,0.578125,0.109375,3.96875,3.0,0.9907946499685446,0.3886375829024473,23.8125,24384.0,0.578125,0.953125,level1-baseline-v3,cosine,22260614,3.14.5,2.12.0+cpu,5.8.4,Windows-11-10.0.26100-SP0,0.09375,0.015625,0.125,0.46875,0.296875,0.21354166666666669,0.265625
HARD_STRUCTURED_MIXTURE,D1024_F3_M5_SD2,predicted_l2_context,quarter,1.0,0.0,1024,3,5,2,0.0,2,64,0.3125,0.484375,0.171875,0.03125,0.3125,0.21230909502265743,0.43392566359152623,0.5989583333333334,0.65625,0.5340341181762038,0.7607702496453097,0.7380952380952381,0.2619047619047619,0.03125,0.00861195771251659,0.10697493882294247,0.96875,0.484375,0.765625,0.3828125,0.6451612903225806,0.515625,0.171875,3.453125,3.0,0.999114990234375,0.4769149542407831,20.71875,21216.0,0.0,1.0,level1-baseline-v3,cosine,22260614,3.14.5,2.12.0+cpu,5.8.4,Windows-11-10.0.26100-SP0,0.078125,0.078125,0.078125,0.515625,0.234375,0.30208333333333337,0.234375
HARD_STRUCTURED_MIXTURE,D1024_F3_M5_SD2,predicted_l2_context,quarter,1.0,0.1,1024,3,5,2,0.0,2,64,0.34375,0.421875,0.1875,0.046875,0.34375,0.23922975035469027,0.46596588182379606,0.609375,0.609375,0.486916942944024,0.7194461145310355,0.6923076923076923,0.3076923076923077,0.046875,0.016068725432185196,0.12899860788542522,0.953125,0.453125,0.7395833333333334,0.3697916666666667,0.7586206896551724,0.546875,0.109375,3.609375,3.0,0.999114990234375,0.44876436690901755,21.65625,22176.0,0.265625,1.0,level1-baseline-v3,cosine,22260614,3.14.5,2.12.0+cpu,5.8.4,Windows-11-10.0.26100-SP0,0.171875,0.03125,0.171875,0.5,0.26041666666666663,0.26041666666666674,0.296875
HARD_STRUCTURED_MIXTURE,D1024_F3_M5_SD2,predicted_l2_context,quarter,1.0,0.25,1024,3,5,2,0.0,2,64,0.328125,0.375,0.25,0.046875,0.328125,0.2257039576708776,0.45001123772545737,0.515625,0.625,0.5025015331382642,0.7333419611189468,0.6,0.4,0.046875,0.016068725432185196,0.12899860788542522,0.953125,0.4375,0.7083333333333334,0.3541666666666667,0.75,0.5625,0.109375,3.765625,3.0,0.9889424641927084,0.41577550875081215,22.59375,23136.0,0.578125,1.0,level1-baseline-v3,cosine,22260614,3.14.5,2.12.0+cpu,5.8.4,Windows-11-10.0.26100-SP0,0.109375,0.015625,0.140625,0.453125,0.29166666666666663,0.21875000000000006,0.28125
HARD_STRUCTURED_MIXTURE,D1024_F3_M5_SD2,random_unconditional,half,,0.0,1024,3,5,2,0.0,3,64,0.09375,0.28125,0.390625,0.234375,0.09375,0.04367765783128784,0.1898309858327767,0.3177083333333333,0.671875,0.5499887622745426,0.7742960423291224,0.4186046511627907,0.5813953488372093,0.234375,0.1474976721963502,0.35133490250707655,0.765625,0.203125,0.5833333333333333,0.19444444444444442,0.46153846153846156,0.796875,0.109375,6.0,4.0,0.6232122294604778,0.22569794741866644,54.0,55296.0,0.0,,level1-baseline-v3,cosine,22260614,3.14.5,2.12.0+cpu,5.8.4,Windows-11-10.0.26100-SP0,-0.140625,0.09375,-0.140625,0.4375,0.41666666666666674,0.0,0.0
HARD_STRUCTURED_MIXTURE,D1024_F3_M5_SD2,random_unconditional,half,,0.1,1024,3,5,2,0.0,3,64,0.09375,0.3125,0.390625,0.203125,0.09375,0.04367765783128784,0.1898309858327767,0.3229166666666667,0.703125,0.5822956740587202,0.8009500041092477,0.4444444444444444,0.5555555555555556,0.203125,0.12273302562695813,0.3171386755121659,0.796875,0.171875,0.5885416666666666,0.19618055555555555,0.5454545454545454,0.828125,0.078125,5.734375,3.5,0.6466059243927399,0.24351471832414973,51.609375,52848.0,0.265625,,level1-baseline-v3,cosine,22260614,3.14.5,2.12.0+cpu,5.8.4,Windows-11-10.0.26100-SP0,-0.078125,0.125,-0.078125,0.453125,0.41145833333333337,0.0,0.0
HARD_STRUCTURED_MIXTURE,D1024_F3_M5_SD2,random_unconditional,half,,0.25,1024,3,5,2,0.0,3,64,0.09375,0.28125,0.484375,0.140625,0.09375,0.04367765783128784,0.1898309858327767,0.34375,0.765625,0.6486650974929234,0.8525023278036498,0.3673469387755102,0.6326530612244898,0.140625,0.07578487006414436,0.24616508394637426,0.859375,0.171875,0.5833333333333333,0.19444444444444442,0.5454545454545454,0.828125,0.078125,5.296875,3.5,0.6631708069859693,0.23591818171553314,47.671875,48816.0,0.578125,,level1-baseline-v3,cosine,22260614,3.14.5,2.12.0+cpu,5.8.4,Windows-11-10.0.26100-SP0,-0.125,0.15625,-0.09375,0.546875,0.41666666666666674,0.0,0.0
HARD_STRUCTURED_MIXTURE,D1024_F3_M5_SD2,random_unconditional,quarter,,0.0,1024,3,5,2,0.0,2,64,0.078125,0.1875,0.6875,0.046875,0.078125,0.03383067809543547,0.1701975287864777,0.3177083333333333,0.875,0.7722521366978408,0.9352783460737919,0.21428571428571427,0.7857142857142857,0.046875,0.016068725432185196,0.12899860788542522,0.953125,0.09375,0.46354166666666663,0.23177083333333331,0.8333333333333334,0.90625,0.015625,3.875,3.0,0.9877522786458334,0.17656560295290546,23.25,23808.0,0.0,,level1-baseline-v3,cosine,22260614,3.14.5,2.12.0+cpu,5.8.4,Windows-11-10.0.26100-SP0,-0.15625,0.296875,-0.15625,0.75,0.5364583333333334,0.0,0.0
HARD_STRUCTURED_MIXTURE,D1024_F3_M5_SD2,random_unconditional,quarter,,0.1,1024,3,5,2,0.0,2,64,0.046875,0.203125,0.703125,0.046875,0.046875,0.016068725432185196,0.12899860788542522,0.3125,0.90625,0.8101690141672233,0.9563223421687121,0.22413793103448276,0.7758620689655172,0.046875,0.016068725432185196,0.12899860788542522,0.953125,0.078125,0.47916666666666663,0.23958333333333331,0.6,0.921875,0.03125,4.0,3.0,0.9980875651041666,0.16926274915022077,24.0,24576.0,0.265625,,level1-baseline-v3,cosine,22260614,3.14.5,2.12.0+cpu,5.8.4,Windows-11-10.0.26100-SP0,-0.125,0.328125,-0.125,0.796875,0.5208333333333334,0.0,0.0
HARD_STRUCTURED_MIXTURE,D1024_F3_M5_SD2,random_unconditional,quarter,,0.25,1024,3,5,2,0.0,2,64,0.046875,0.140625,0.671875,0.140625,0.046875,0.016068725432185196,0.12899860788542522,0.296875,0.8125,0.7002540844522482,0.889354651190779,0.17307692307692307,0.8269230769230769,0.140625,0.07578487006414436,0.24616508394637426,0.859375,0.0625,0.4895833333333333,0.24479166666666666,0.75,0.9375,0.015625,4.6875,3.0,0.9980875651041666,0.1313053298072191,28.125,28800.0,0.578125,,level1-baseline-v3,cosine,22260614,3.14.5,2.12.0+cpu,5.8.4,Windows-11-10.0.26100-SP0,-0.171875,0.203125,-0.140625,0.734375,0.5104166666666667,0.0,0.0
