schema_version,method_id,config_id,corruption_probability,query_subset,trials,decoder_contract_recall_at_1,decoder_contract_recall_at_8,decoder_contract_recall_at_32,decoder_contract_recall_at_32_ci_low,decoder_contract_recall_at_32_ci_high,decoder_contract_top1_accuracy,decoder_contract_acceptance_coverage,decoder_contract_conditional_risk,candidate_set_size_median,candidate_set_size_p95,candidate_reduction_ratio,routing_latency_sec_p50,routing_latency_sec_p95,routing_latency_sec_p99,reranking_latency_sec_p50,total_query_latency_sec_p50,total_query_latency_sec_p95,total_query_latency_sec_p99
lazy-semantic-trace-stage-a1-dev-v1,B0_global_exact_semantic_scan,B0_global_exact_semantic_scan,0.0,all,512,0.970703125,1,1,0.9925530242771171,0.9999999999999999,0.970703125,0.9375,0.0,10000.0,10000.0,0.0,0.00011289992835372686,0.00015742003452032802,0.0003480189852416513,0.024825200031045824,0.024936000001616776,0.02715187500580214,0.028793177061015737
lazy-semantic-trace-stage-a1-dev-v1,B0_global_exact_semantic_scan,B0_global_exact_semantic_scan,0.01,all,512,0.966796875,1,1,0.9925530242771171,0.9999999999999999,0.966796875,0.9375,0.0,10000.0,10000.0,0.0,0.0001134999911300838,0.0001569900312460959,0.00040023396839387616,0.024811150040477514,0.02493120008148253,0.026836594985798,0.028375434918561947
lazy-semantic-trace-stage-a1-dev-v1,B0_global_exact_semantic_scan,B0_global_exact_semantic_scan,0.03,all,512,0.970703125,1,1,0.9925530242771171,0.9999999999999999,0.970703125,0.9375,0.0,10000.0,10000.0,0.0,0.00011404999531805515,0.00014517000527121128,0.00048546698410063967,0.024890850007068366,0.025012250000145286,0.02727880504098721,0.02874683600268326
lazy-semantic-trace-stage-a1-dev-v1,B0_global_exact_semantic_scan,B0_global_exact_semantic_scan,0.05,all,512,0.966796875,1,1,0.9925530242771171,0.9999999999999999,0.966796875,0.79296875,0.0,10000.0,10000.0,0.0,0.00011460005771368742,0.000156820029951632,0.0004378969583194702,0.02499170001829043,0.025125150044914335,0.027280690014595165,0.029488373089116064
lazy-semantic-trace-stage-a1-dev-v1,B0_global_exact_semantic_scan,B0_global_exact_semantic_scan,0.1,all,512,0.966796875,1,1,0.9925530242771171,0.9999999999999999,0.966796875,0.001953125,0.0,10000.0,10000.0,0.0,0.00011384993558749557,0.00015771998441778122,0.00041089199832640584,0.025003949995152652,0.025130299967713654,0.027449710021028292,0.03023328197887167
lazy-semantic-trace-stage-a1-dev-v1,B0_global_exact_semantic_scan,B0_global_exact_semantic_scan,0.15,all,512,0.96484375,1,1,0.9925530242771171,0.9999999999999999,0.96484375,0,0.0,10000.0,10000.0,0.0,0.00011310004629194736,0.00014763996005058287,0.00038740293588489293,0.024871349975001067,0.024987699987832457,0.027074295037891712,0.028138690979685636
lazy-semantic-trace-stage-a1-dev-v1,B1_exact_content_hash_only,B1_exact_content_hash_only,0.0,all,512,0.95703125,1,1,0.9925530242771171,0.9999999999999999,0.95703125,0.9375,0.0,1.0,2.0,0.9998875,0.00012275000335648656,0.00028708997415378685,0.0005089890339877455,0.0003902500029653311,0.0005175999831408262,0.0010205449711065738,0.0012778039765544231
lazy-semantic-trace-stage-a1-dev-v1,B1_exact_content_hash_only,B1_exact_content_hash_only,0.01,all,512,0,0,0,0.0,0.007446975722882739,0,0,0.0,0.0,0.0,1.0,0.00012229999992996454,0.00029169500921852885,0.0004612809547688806,2.00001522898674e-07,0.00012260000221431255,0.00029199501150287686,0.0004615699569694692
lazy-semantic-trace-stage-a1-dev-v1,B1_exact_content_hash_only,B1_exact_content_hash_only,0.03,all,512,0,0,0,0.0,0.007446975722882739,0,0,0.0,0.0,0.0,1.0,0.0001233000075444579,0.00027398505480960014,0.0005335340264718974,2.00001522898674e-07,0.0001235000090673566,0.00027418505633249876,0.0005338230286724859
lazy-semantic-trace-stage-a1-dev-v1,B1_exact_content_hash_only,B1_exact_content_hash_only,0.05,all,512,0,0,0,0.0,0.007446975722882739,0,0,0.0,0.0,0.0,1.0,0.0001227000029757619,0.000268169998889789,0.00048602500115521206,2.00001522898674e-07,0.00012290000449866056,0.00026847000117413694,0.0004863470036070789
lazy-semantic-trace-stage-a1-dev-v1,B1_exact_content_hash_only,B1_exact_content_hash_only,0.1,all,512,0,0,0,0.0,0.007446975722882739,0,0,0.0,0.0,0.0,1.0,0.0001233000075444579,0.00027428499306552106,0.0004262949991971254,2.00001522898674e-07,0.00012355000944808125,0.00027541000163182615,0.000426495000720024
lazy-semantic-trace-stage-a1-dev-v1,B1_exact_content_hash_only,B1_exact_content_hash_only,0.15,all,512,0,0,0,0.0,0.007446975722882739,0,0,0.0,0.0,0.0,1.0,0.00012240000069141388,0.0002671849390026182,0.0004822240630164741,2.00001522898674e-07,0.00012260000221431255,0.0002674849412869662,0.00048243506462313223
lazy-semantic-trace-stage-a1-dev-v1,B2_random_bucket_routing,B2_random_bucket_routing::B3_stage_a_four_table_lsh,0.0,all,512,0.193359375,0.7109375,0.73828125,0.6985321963804407,0.7744813542516229,0.193359375,0,0.0,10.0,10.0,0.9991443359375,4.9799971748143435e-05,6.21348910499364e-05,0.00013186396914534245,0.0019640499958768487,0.0020167999318800867,0.002783490007277578,0.0031282568897586308
lazy-semantic-trace-stage-a1-dev-v1,B2_random_bucket_routing,B2_random_bucket_routing::B3_stage_a_four_table_lsh,0.01,all,512,0.1875,0.70703125,0.751953125,0.7127602505721561,0.7873934218174851,0.1875,0.00390625,0.0,10.0,10.0,0.999130859375,5.010003224015236e-05,6.967000081203878e-05,0.00013450008002109824,0.0019871999975293875,0.002038199978414923,0.0027278149325866254,0.0030484109930694094
lazy-semantic-trace-stage-a1-dev-v1,B2_random_bucket_routing,B2_random_bucket_routing::B3_stage_a_four_table_lsh,0.03,all,512,0.185546875,0.6796875,0.728515625,0.6883982092798265,0.7652295400968246,0.185546875,0.001953125,0.0,9.0,10.0,0.9991501953125,5.019997479394078e-05,7.077995687723159e-05,0.0003162790788337568,0.001961899979505688,0.002020650019403547,0.002777639962732792,0.0029930150893051175
lazy-semantic-trace-stage-a1-dev-v1,B2_random_bucket_routing,B2_random_bucket_routing::B3_stage_a_four_table_lsh,0.05,all,512,0.203125,0.728515625,0.767578125,0.7290817018650534,0.8020892525332476,0.203125,0,0.0,10.0,10.0,0.9991337890625,5.030003376305103e-05,6.544498028233647e-05,0.00031249705119989807,0.001988350006286055,0.0020411500590853393,0.0027866100310347973,0.003180678081698714
lazy-semantic-trace-stage-a1-dev-v1,B2_random_bucket_routing,B2_random_bucket_routing::B3_stage_a_four_table_lsh,0.1,all,512,0.1796875,0.712890625,0.748046875,0.7086901555300428,0.7837091963574333,0.1796875,0,0.0,10.0,10.0,0.9991447265625,5.029997555539012e-05,8.044496644288301e-05,0.0002902150363661343,0.0019484999938867986,0.002002549997996539,0.002806619950570166,0.0029771598905790598
lazy-semantic-trace-stage-a1-dev-v1,B2_random_bucket_routing,B2_random_bucket_routing::B3_stage_a_four_table_lsh,0.15,all,512,0.15234375,0.724609375,0.763671875,0.7249950433577201,0.798421590538416,0.15234375,0,0.0,10.0,10.0,0.99913671875,5.040003452450037e-05,6.867500487715004e-05,0.00031031695543788147,0.00198755000019446,0.0020427999552339315,0.002772199921309948,0.002972253060434013
lazy-semantic-trace-stage-a1-dev-v1,B2_random_bucket_routing,B2_random_bucket_routing::B4_a1p_multi_table_lsh,0.0,all,512,0.228515625,0.759765625,0.94921875,0.9266340388165446,0.9651128189324278,0.228515625,0.00390625,0.0,43.0,44.0,0.9959021484375,8.199992589652538e-05,0.00010953501914627849,0.00025058296741917657,0.008331799996085465,0.008425949956290424,0.009613534988602623,0.010242548019159584
lazy-semantic-trace-stage-a1-dev-v1,B2_random_bucket_routing,B2_random_bucket_routing::B4_a1p_multi_table_lsh,0.01,all,512,0.1953125,0.73828125,0.94140625,0.9175865885145797,0.9586516282300628,0.1953125,0.009765625,0.0,44.0,44.0,0.9958880859375,8.19999841041863e-05,0.00011499999673105773,0.00040027603390626584,0.008368650043848902,0.008459549979306757,0.009650960040744394,0.010434127990156411
lazy-semantic-trace-stage-a1-dev-v1,B2_random_bucket_routing,B2_random_bucket_routing::B4_a1p_multi_table_lsh,0.03,all,512,0.205078125,0.71484375,0.94140625,0.9175865885145797,0.9586516282300628,0.205078125,0.00390625,0.0,44.0,44.0,0.9958865234375,8.279993198812008e-05,0.00011650501983240244,0.0003363250126130877,0.008395749959163368,0.008484849997330457,0.00966278000269085,0.01229129101731814
lazy-semantic-trace-stage-a1-dev-v1,B2_random_bucket_routing,B2_random_bucket_routing::B4_a1p_multi_table_lsh,0.05,all,512,0.23828125,0.748046875,0.953125,0.9312006389371313,0.9683005393140062,0.23828125,0.00390625,0.5,43.5,44.0,0.9958791015625,8.225004421547055e-05,0.00012870499631389965,0.0003449619875755156,0.008346249989699572,0.008441800076980144,0.00958965002791956,0.012860194952227172
lazy-semantic-trace-stage-a1-dev-v1,B2_random_bucket_routing,B2_random_bucket_routing::B4_a1p_multi_table_lsh,0.1,all,512,0.2109375,0.73828125,0.94140625,0.9175865885145797,0.9586516282300628,0.2109375,0,0.0,44.0,44.0,0.995858203125,8.190004155039787e-05,0.00010984002146869896,0.00037682499736547395,0.008389849972445518,0.008468100044410676,0.009682224981952458,0.011225443040020763
lazy-semantic-trace-stage-a1-dev-v1,B2_random_bucket_routing,B2_random_bucket_routing::B4_a1p_multi_table_lsh,0.15,all,512,0.203125,0.744140625,0.94921875,0.9266340388165446,0.9651128189324278,0.203125,0,0.0,44.0,44.0,0.9958740234375,8.239998714998364e-05,0.0001189949747640639,0.00038706303690560156,0.008384149987250566,0.008468699990771711,0.009550950030097738,0.011058183979475864
lazy-semantic-trace-stage-a1-dev-v1,B2_random_bucket_routing,B2_random_bucket_routing::B5_a1s1_multi_table_lsh,0.0,all,512,0.228515625,0.763671875,0.94921875,0.9266340388165446,0.9651128189324278,0.228515625,0.015625,0.125,74.0,74.0,0.9929677734375,9.049999061971903e-05,0.00012685998226515948,0.00023341208230703988,0.014044500014279038,0.014136449957732111,0.015440034988569096,0.016373656956711783
lazy-semantic-trace-stage-a1-dev-v1,B2_random_bucket_routing,B2_random_bucket_routing::B5_a1s1_multi_table_lsh,0.01,all,512,0.271484375,0.759765625,0.9453125,0.9220969712394934,0.9618955660073142,0.271484375,0.009765625,0.2,73.0,74.0,0.993000390625,8.999998681247234e-05,0.00011438000365160406,0.00022403699811547937,0.013954699970781803,0.014048200042452663,0.015123955090530217,0.016077920994721353
lazy-semantic-trace-stage-a1-dev-v1,B2_random_bucket_routing,B2_random_bucket_routing::B5_a1s1_multi_table_lsh,0.03,all,512,0.208984375,0.703125,0.919921875,0.8931649760362443,0.9404244779464908,0.208984375,0,0.0,73.0,74.0,0.9929888671875,9.029998909682035e-05,0.0001144049922004342,0.00027282405877485723,0.01411145000020042,0.014204400009475648,0.015595219901297242,0.019204692015191538
lazy-semantic-trace-stage-a1-dev-v1,B2_random_bucket_routing,B2_random_bucket_routing::B5_a1s1_multi_table_lsh,0.05,all,512,0.251953125,0.787109375,0.939453125,0.915340639807479,0.957020416686081,0.251953125,0.005859375,0.0,72.0,74.0,0.9930142578125,9.05499910004437e-05,0.00011959497933275997,0.0002577479963656512,0.013953000016044825,0.014048849989194423,0.015585974999703465,0.01810499997111037
lazy-semantic-trace-stage-a1-dev-v1,B2_random_bucket_routing,B2_random_bucket_routing::B5_a1s1_multi_table_lsh,0.1,all,512,0.228515625,0.748046875,0.94921875,0.9266340388165446,0.9651128189324278,0.228515625,0,0.0,73.0,74.0,0.9929880859375,9.019998833537102e-05,0.000134994980180636,0.00043439707369543544,0.014025800046510994,0.014120450068730861,0.015399834990967063,0.01725192399462685
lazy-semantic-trace-stage-a1-dev-v1,B2_random_bucket_routing,B2_random_bucket_routing::B5_a1s1_multi_table_lsh,0.15,all,512,0.275390625,0.751953125,0.94921875,0.9266340388165446,0.9651128189324278,0.275390625,0,0.0,73.0,74.0,0.992998046875,9.024998871609569e-05,0.00014366004616022103,0.0003471089783124623,0.014021400013007224,0.014109850046224892,0.015104319993406536,0.016654362063854934
lazy-semantic-trace-stage-a1-dev-v1,B2_random_bucket_routing,B2_random_bucket_routing::B6_a1s2_multi_table_lsh,0.0,all,512,0.193359375,0.765625,0.947265625,0.9243620032866211,0.963507694211269,0.193359375,0,0.0,25.0,26.0,0.99762265625,8.854997577145696e-05,0.00011531999916769563,0.0003685279341880229,0.0049971999833360314,0.005097250046674162,0.005763599998317659,0.006164898845599964
lazy-semantic-trace-stage-a1-dev-v1,B2_random_bucket_routing,B2_random_bucket_routing::B6_a1s2_multi_table_lsh,0.01,all,512,0.18359375,0.751953125,0.92578125,0.8997688824692767,0.945452052266706,0.18359375,0.001953125,0.0,25.0,26.0,0.9976267578125,8.859997615218163e-05,0.00012192999711260198,0.0002917529444675886,0.004981299978680909,0.0050875499146059155,0.00571074994513765,0.006246739963535217
lazy-semantic-trace-stage-a1-dev-v1,B2_random_bucket_routing,B2_random_bucket_routing::B6_a1s2_multi_table_lsh,0.03,all,512,0.181640625,0.7421875,0.912109375,0.8844149764714027,0.9336658365070025,0.181640625,0.00390625,0.0,26.0,26.0,0.99761875,8.810003055259585e-05,0.00011588506749831139,0.0003822079859673961,0.004990249988622963,0.005101000017020851,0.0057352249510586265,0.006138554085046052
lazy-semantic-trace-stage-a1-dev-v1,B2_random_bucket_routing,B2_random_bucket_routing::B6_a1s2_multi_table_lsh,0.05,all,512,0.203125,0.73828125,0.9296875,0.9041932796740074,0.9487819755641401,0.203125,0,0.0,25.0,26.0,0.997637109375,8.809997234493494e-05,0.00011077996459789573,0.00022665399243123818,0.004926149966195226,0.005032150016631931,0.005759890034096315,0.0061141720414161676
lazy-semantic-trace-stage-a1-dev-v1,B2_random_bucket_routing,B2_random_bucket_routing::B6_a1s2_multi_table_lsh,0.1,all,512,0.185546875,0.716796875,0.912109375,0.8844149764714027,0.9336658365070025,0.185546875,0,0.0,25.0,26.0,0.997632421875,8.83500324562192e-05,0.00012319000670686365,0.00018887895043008014,0.004975299991201609,0.0050611000042408705,0.005775324971182272,0.006302124984795226
lazy-semantic-trace-stage-a1-dev-v1,B2_random_bucket_routing,B2_random_bucket_routing::B6_a1s2_multi_table_lsh,0.15,all,512,0.1953125,0.7265625,0.93359375,0.9086366418684898,0.9520929338718228,0.1953125,0,0.0,26.0,26.0,0.99761484375,8.779997006058693e-05,0.00011181503650732335,0.00020561096142046112,0.004970950016286224,0.005078800022602081,0.005777349986601621,0.005980300914961844
lazy-semantic-trace-stage-a1-dev-v1,B2_random_bucket_routing,B2_random_bucket_routing::B7_margin_aware_multi_probe_lsh,0.0,all,512,0.21484375,0.748046875,0.94140625,0.9175865885145797,0.9586516282300628,0.21484375,0.00390625,0.0,39.0,40.0,0.9963201171875,7.90000194683671e-05,0.00010277503170073028,0.00020570305292494576,0.007592249952722341,0.007672199979424477,0.008673020044807345,0.00930871502147056
lazy-semantic-trace-stage-a1-dev-v1,B2_random_bucket_routing,B2_random_bucket_routing::B7_margin_aware_multi_probe_lsh,0.01,all,512,0.216796875,0.76953125,0.943359375,0.9198386034432544,0.9602767735524707,0.216796875,0.001953125,0.0,38.5,40.0,0.9962974609375,7.850001566112041e-05,0.00011190498480573294,0.00028392898850142895,0.007577700016554445,0.007657849986571819,0.008720949932467192,0.009866085072280832
lazy-semantic-trace-stage-a1-dev-v1,B2_random_bucket_routing,B2_random_bucket_routing::B7_margin_aware_multi_probe_lsh,0.03,all,512,0.193359375,0.740234375,0.935546875,0.9108659024588599,0.9537408335325352,0.193359375,0.00390625,0.0,39.0,40.0,0.9963146484375,7.930002175271511e-05,0.00010204496211372316,0.00016498897573910654,0.007621700002346188,0.007701650029048324,0.008843319932930171,0.010917491095606227
lazy-semantic-trace-stage-a1-dev-v1,B2_random_bucket_routing,B2_random_bucket_routing::B7_margin_aware_multi_probe_lsh,0.05,all,512,0.220703125,0.751953125,0.943359375,0.9198386034432544,0.9602767735524707,0.220703125,0.00390625,0.0,39.0,40.0,0.996275390625,7.960002403706312e-05,0.00010395997669547795,0.00025970001122914226,0.007623150071594864,0.007705000112764537,0.0087855649064295,0.010592654014471908
lazy-semantic-trace-stage-a1-dev-v1,B2_random_bucket_routing,B2_random_bucket_routing::B7_margin_aware_multi_probe_lsh,0.1,all,512,0.224609375,0.76953125,0.951171875,0.9289134485442119,0.9667105694558431,0.224609375,0,0.0,39.0,40.0,0.9963138671875,7.909996202215552e-05,0.00010406997753307223,0.0003228470135945826,0.007641600037459284,0.007727099931798875,0.008726144983666018,0.010602350999834009
lazy-semantic-trace-stage-a1-dev-v1,B2_random_bucket_routing,B2_random_bucket_routing::B7_margin_aware_multi_probe_lsh,0.15,all,512,0.20703125,0.771484375,0.947265625,0.9243620032866211,0.963507694211269,0.20703125,0,0.0,39.0,40.0,0.9962794921875,7.910002022981644e-05,0.00010634499485604466,0.0001695010100957006,0.0076484999735839665,0.007729199947789311,0.008689264924032613,0.009544026977382599
lazy-semantic-trace-stage-a1-dev-v1,B3_stage_a_four_table_lsh,B3_stage_a_four_table_lsh,0.0,all,512,0.95703125,1,1,0.9925530242771171,0.9999999999999999,0.95703125,0.9375,0.0,11.0,18.0,0.9988328125,0.00020870001753792167,0.00037076002918183797,0.000637288975995034,0.002398400043603033,0.002679149911273271,0.00409564995788969,0.004590450951363891
lazy-semantic-trace-stage-a1-dev-v1,B3_stage_a_four_table_lsh,B3_stage_a_four_table_lsh,0.01,all,512,0.900390625,0.97265625,0.974609375,0.9570473392668004,0.9851026017462445,0.900390625,0.8515625,0.0,11.0,18.0,0.99885,0.00020800007041543722,0.0003102150338236242,0.0006490069488063454,0.002410749963019043,0.0026303501217626035,0.004113120067631826,0.004630797012941911
lazy-semantic-trace-stage-a1-dev-v1,B3_stage_a_four_table_lsh,B3_stage_a_four_table_lsh,0.03,all,512,0.765625,0.916015625,0.931640625,0.9064124998359672,0.9504399156532629,0.765625,0.654296875,0.0,11.0,18.0,0.9988947265625,0.00020849995780736208,0.0003421699919272213,0.000718993016052991,0.0023291000397875905,0.002548999967984855,0.00403781994828023,0.0047137480368837715
lazy-semantic-trace-stage-a1-dev-v1,B3_stage_a_four_table_lsh,B3_stage_a_four_table_lsh,0.05,all,512,0.634765625,0.861328125,0.888671875,0.8584802269199013,0.9130746630455141,0.634765625,0.427734375,0.0,11.0,17.0,0.99890703125,0.0002077000681310892,0.000368125009117648,0.000689115034183487,0.002326750021893531,0.0025445499341003597,0.003973070048959925,0.004482777049997821
lazy-semantic-trace-stage-a1-dev-v1,B3_stage_a_four_table_lsh,B3_stage_a_four_table_lsh,0.1,all,512,0.421875,0.79296875,0.83203125,0.7972032842381693,0.861913958445854,0.421875,0,0.0,10.0,17.0,0.9989564453125,0.00020840007346123457,0.0003329600382130591,0.0006802609539590774,0.002159650030080229,0.002379099896643311,0.003755785024259239,0.004548926022835074
lazy-semantic-trace-stage-a1-dev-v1,B3_stage_a_four_table_lsh,B3_stage_a_four_table_lsh,0.15,all,512,0.314453125,0.748046875,0.798828125,0.7619372966187927,0.8312682217968281,0.314453125,0,0.0,10.0,16.0,0.99896796875,0.00020789995323866606,0.0003292599983979016,0.0007372670643962913,0.0021752999746240675,0.002395050134509802,0.0037118950276635587,0.004536088964669034
lazy-semantic-trace-stage-a1-dev-v1,B4_a1p_multi_table_lsh,B4_a1p_multi_table_lsh,0.0,all,512,0.955078125,1,1,0.9925530242771171,0.9999999999999999,0.955078125,0.9375,0.0,48.0,62.0,0.995185546875,0.0006521500181406736,0.001169259939342737,0.0014239419123623519,0.009405299962963909,0.0101535000721924,0.013109984941547737,0.014003678903682157
lazy-semantic-trace-stage-a1-dev-v1,B4_a1p_multi_table_lsh,B4_a1p_multi_table_lsh,0.01,all,512,0.97265625,1,1,0.9925530242771171,0.9999999999999999,0.97265625,0.9375,0.0,48.0,61.0,0.995185546875,0.000660100020468235,0.0012130999879445882,0.0015466279408428813,0.009494600060861558,0.01027759991120547,0.013192715053446592,0.015185420976486055
lazy-semantic-trace-stage-a1-dev-v1,B4_a1p_multi_table_lsh,B4_a1p_multi_table_lsh,0.03,all,512,0.966796875,1,1,0.9925530242771171,0.9999999999999999,0.966796875,0.92578125,0.0,47.0,60.0,0.99529453125,0.0006573500577360392,0.0012612100050318985,0.001383603954454884,0.009381300013046712,0.010154100018553436,0.012978285050485282,0.015499627019744352
lazy-semantic-trace-stage-a1-dev-v1,B4_a1p_multi_table_lsh,B4_a1p_multi_table_lsh,0.05,all,512,0.94140625,0.98828125,0.99609375,0.985870592855346,0.9989281109196064,0.94140625,0.75,0.0,48.0,61.0,0.99520859375,0.0006537000299431384,0.0011685799341648816,0.0013778800657019011,0.009460450033657253,0.010169200017116964,0.01282552511547692,0.015046235921327018
lazy-semantic-trace-stage-a1-dev-v1,B4_a1p_multi_table_lsh,B4_a1p_multi_table_lsh,0.1,all,512,0.77734375,0.931640625,0.974609375,0.9570473392668004,0.9851026017462445,0.77734375,0.001953125,0.0,47.0,60.0,0.9952671875,0.0006510500097647309,0.0012014999520033598,0.0013989879807922983,0.009351650020107627,0.010236000001896173,0.013084779994096607,0.017857901870738706
lazy-semantic-trace-stage-a1-dev-v1,B4_a1p_multi_table_lsh,B4_a1p_multi_table_lsh,0.15,all,512,0.611328125,0.875,0.970703125,0.9522288905280138,0.982166729982866,0.611328125,0,0.0,46.0,59.0,0.995380078125,0.0006547499797306955,0.0011791900149546563,0.0013762470148503778,0.009152799961157143,0.009979150083381683,0.013140295003540813,0.01484811907284893
lazy-semantic-trace-stage-a1-dev-v1,B5_a1s1_multi_table_lsh,B5_a1s1_multi_table_lsh,0.0,all,512,0.95703125,1,1,0.9925530242771171,0.9999999999999999,0.95703125,0.9375,0.0,78.5,97.0,0.9921587890625,0.0005713499849662185,0.0010218949289992451,0.001221121997805312,0.01533299998845905,0.015915049996692687,0.01966324000968598,0.02078536406159401
lazy-semantic-trace-stage-a1-dev-v1,B5_a1s1_multi_table_lsh,B5_a1s1_multi_table_lsh,0.01,all,512,0.97265625,1,1,0.9925530242771171,0.9999999999999999,0.97265625,0.9375,0.0,78.0,96.0,0.992158984375,0.0005729499971494079,0.001087240024935454,0.0012258530338294803,0.015317899989895523,0.015941050078254193,0.019436095043784008,0.020420949014369395
lazy-semantic-trace-stage-a1-dev-v1,B5_a1s1_multi_table_lsh,B5_a1s1_multi_table_lsh,0.03,all,512,0.9609375,1,1,0.9925530242771171,0.9999999999999999,0.9609375,0.923828125,0.0,77.0,94.0,0.9923044921875,0.0005753000150434673,0.0010538549919147044,0.0012893300643190735,0.015153100015595555,0.015803949965629727,0.01967221497907303,0.021725366986356673
lazy-semantic-trace-stage-a1-dev-v1,B5_a1s1_multi_table_lsh,B5_a1s1_multi_table_lsh,0.05,all,512,0.935546875,0.990234375,0.994140625,0.9829162193160559,0.998005324207814,0.935546875,0.75,0.0,78.0,96.0,0.9921826171875,0.0005687500233761966,0.0010395899997092783,0.00124141993233934,0.015187500044703484,0.015833849902264774,0.019747914909385145,0.020987663945415985
lazy-semantic-trace-stage-a1-dev-v1,B5_a1s1_multi_table_lsh,B5_a1s1_multi_table_lsh,0.1,all,512,0.79296875,0.931640625,0.9765625,0.9594842199324425,0.986542881331685,0.79296875,0.001953125,0.0,77.0,95.0,0.9922505859375,0.0005734999431297183,0.0010559350077528507,0.0012944100773893295,0.014986350026447326,0.015589649963658303,0.019728949997806923,0.022894337959587546
lazy-semantic-trace-stage-a1-dev-v1,B5_a1s1_multi_table_lsh,B5_a1s1_multi_table_lsh,0.15,all,512,0.63671875,0.88671875,0.9765625,0.9594842199324425,0.986542881331685,0.63671875,0,0.0,76.0,94.44999999999999,0.9923880859375,0.0005730500561185181,0.001025834959000349,0.0012378770089708268,0.014830000058282167,0.015422450029291213,0.01931826003710739,0.021042308934265747
lazy-semantic-trace-stage-a1-dev-v1,B6_a1s2_multi_table_lsh,B6_a1s2_multi_table_lsh,0.0,all,512,0.95703125,1,1,0.9925530242771171,0.9999999999999999,0.95703125,0.9375,0.0,28.5,39.0,0.99712109375,0.000770700047723949,0.0013057899952400476,0.0014722109562717374,0.005754100042395294,0.006585949973668903,0.008689035038696603,0.00975240102387033
lazy-semantic-trace-stage-a1-dev-v1,B6_a1s2_multi_table_lsh,B6_a1s2_multi_table_lsh,0.01,all,512,0.970703125,1,1,0.9925530242771171,0.9999999999999999,0.970703125,0.9375,0.0,28.0,39.0,0.9971212890625,0.0007727000047452748,0.0013006550085265189,0.0014532620192039755,0.005704699957277626,0.00652220007032156,0.00890831503784284,0.01001832195324823
lazy-semantic-trace-stage-a1-dev-v1,B6_a1s2_multi_table_lsh,B6_a1s2_multi_table_lsh,0.03,all,512,0.966796875,0.998046875,1,0.9925530242771171,0.9999999999999999,0.966796875,0.92578125,0.0,28.0,39.0,0.9971439453125,0.0007726500043645501,0.0013250500778667629,0.0014722900348715484,0.005773400014732033,0.006638050021138042,0.00873912505339831,0.009811370967654508
lazy-semantic-trace-stage-a1-dev-v1,B6_a1s2_multi_table_lsh,B6_a1s2_multi_table_lsh,0.05,all,512,0.9375,0.98046875,0.994140625,0.9829162193160559,0.998005324207814,0.9375,0.751953125,0.0,28.0,38.0,0.997150390625,0.0007736500119790435,0.0013726800272706897,0.0016383290570229285,0.005696050066035241,0.006535450054798275,0.0089325649139937,0.009810844913590699
lazy-semantic-trace-stage-a1-dev-v1,B6_a1s2_multi_table_lsh,B6_a1s2_multi_table_lsh,0.1,all,512,0.751953125,0.92578125,0.96875,0.9498439445861043,0.980674515673693,0.751953125,0.001953125,0.0,28.0,38.0,0.997188671875,0.0007727999472990632,0.0013029949739575386,0.0016311600012704707,0.005623500037472695,0.006425199971999973,0.008600050082895903,0.009914518054574724
lazy-semantic-trace-stage-a1-dev-v1,B6_a1s2_multi_table_lsh,B6_a1s2_multi_table_lsh,0.15,all,512,0.5703125,0.865234375,0.97265625,0.9546295060012657,0.9836432747606967,0.5703125,0,0.0,27.0,36.0,0.9973083984375,0.0007723500020802021,0.001316524960566312,0.0015002300147898494,0.005327099992427975,0.006212900043465197,0.008373895031400024,0.009324016957543788
lazy-semantic-trace-stage-a1-dev-v1,B7_margin_aware_multi_probe_lsh,B7_margin_aware_multi_probe_lsh,0.0,all,512,0.95703125,1,1,0.9925530242771171,0.9999999999999999,0.95703125,0.9375,0.0,43.0,57.0,0.9956943359375,0.0012257500202395022,0.0018626699806191028,0.001962647926993668,0.008442399906925857,0.009756599960383028,0.012833619891898705,0.014388070011045783
lazy-semantic-trace-stage-a1-dev-v1,B7_margin_aware_multi_probe_lsh,B7_margin_aware_multi_probe_lsh,0.01,all,512,0.96875,1,1,0.9925530242771171,0.9999999999999999,0.96875,0.935546875,0.0,43.0,56.0,0.9956978515625,0.0012231999426148832,0.0018535450275521724,0.0020053530449513344,0.008552900049835443,0.009892150002997369,0.012394650030182674,0.01477805194677784
lazy-semantic-trace-stage-a1-dev-v1,B7_margin_aware_multi_probe_lsh,B7_margin_aware_multi_probe_lsh,0.03,all,512,0.943359375,0.99609375,1,0.9925530242771171,0.9999999999999999,0.943359375,0.89453125,0.0,42.0,55.0,0.995781640625,0.0012304999982006848,0.0018867149832658468,0.002099380062427371,0.008381049963645637,0.009760849934536964,0.012733079993631692,0.014680126074235885
lazy-semantic-trace-stage-a1-dev-v1,B7_margin_aware_multi_probe_lsh,B7_margin_aware_multi_probe_lsh,0.05,all,512,0.875,0.98046875,0.990234375,0.977345524728445,0.9958216982932597,0.875,0.6875,0.0,42.0,57.0,0.9958078125000001,0.0012229499989189208,0.0019100299919955432,0.002110820058733224,0.008279350004158914,0.009643449971918017,0.012741235108114778,0.01414432392688468
lazy-semantic-trace-stage-a1-dev-v1,B7_margin_aware_multi_probe_lsh,B7_margin_aware_multi_probe_lsh,0.1,all,512,0.70703125,0.90625,0.966796875,0.9474733440447254,0.9791679559639896,0.70703125,0.001953125,0.0,41.0,54.0,0.9959060546875,0.0012330000172369182,0.00191509997821413,0.0021892049314919853,0.008160350029356778,0.009496000071521848,0.012238794943550603,0.0134531099407468
lazy-semantic-trace-stage-a1-dev-v1,B7_margin_aware_multi_probe_lsh,B7_margin_aware_multi_probe_lsh,0.15,all,512,0.541015625,0.853515625,0.95703125,0.9358001975831783,0.9714553011701242,0.541015625,0,0.0,41.0,55.44999999999999,0.9958837890625,0.0012389500043354928,0.0019116049516014755,0.0021438010386191303,0.00815749994944781,0.009536899975501001,0.012450295052258298,0.01471655503730289
lazy-semantic-trace-stage-a1-dev-v1,B0_global_exact_semantic_scan,B0_global_exact_semantic_scan,0.0,non_ambiguous_contract,480,1,1,1,0.9920605009127221,1.0,1,1,0.0,10000.0,10000.0,0.0,0.00011289992835372686,0.000158460042439401,0.00035959598142653443,0.024819000042043626,0.02493324998067692,0.027145675051724535,0.028798642052570357
lazy-semantic-trace-stage-a1-dev-v1,B0_global_exact_semantic_scan,B0_global_exact_semantic_scan,0.01,non_ambiguous_contract,480,1,1,1,0.9920605009127221,1.0,1,1,0.0,10000.0,10000.0,0.0,0.00011349993292242289,0.00015726003330200896,0.00035222599864937225,0.024804600048810244,0.024923750024754554,0.026868175039999186,0.02842428791685961
lazy-semantic-trace-stage-a1-dev-v1,B0_global_exact_semantic_scan,B0_global_exact_semantic_scan,0.03,non_ambiguous_contract,480,1,1,1,0.9920605009127221,1.0,1,1,0.0,10000.0,10000.0,0.0,0.00011409999569877982,0.00014493005000986158,0.0004784630099311469,0.024904149991925806,0.02502214995911345,0.027288329973816867,0.0287983840261586
lazy-semantic-trace-stage-a1-dev-v1,B0_global_exact_semantic_scan,B0_global_exact_semantic_scan,0.05,non_ambiguous_contract,480,1,1,1,0.9920605009127221,1.0,1,0.8458333333333333,0.0,10000.0,10000.0,0.0,0.00011464999988675117,0.0001553800189867614,0.00043293292052112506,0.02499835006892681,0.02513080002972856,0.027253410039702428,0.029402897150721398
lazy-semantic-trace-stage-a1-dev-v1,B0_global_exact_semantic_scan,B0_global_exact_semantic_scan,0.1,non_ambiguous_contract,480,1,1,1,0.9920605009127221,1.0,1,0.0020833333333333333,0.0,10000.0,10000.0,0.0,0.00011389993596822023,0.00016750498907640532,0.000416449978947639,0.025000749970786273,0.02512789994943887,0.02739874500548467,0.029627932015573594
lazy-semantic-trace-stage-a1-dev-v1,B0_global_exact_semantic_scan,B0_global_exact_semantic_scan,0.15,non_ambiguous_contract,480,1,1,1,0.9920605009127221,1.0,1,0,0.0,10000.0,10000.0,0.0,0.00011310004629194736,0.00014715995639562603,0.00039294994086958414,0.024876700015738606,0.024997550004627556,0.027230100007727742,0.02834369496209545
lazy-semantic-trace-stage-a1-dev-v1,B1_exact_content_hash_only,B1_exact_content_hash_only,0.0,non_ambiguous_contract,480,1,1,1,0.9920605009127221,1.0,1,1,0.0,1.0,2.0,0.9998933333333333,0.00012275000335648656,0.00028540996136143786,0.0005112340510822831,0.00038854999002069235,0.0005152499070391059,0.0009991199243813752,0.0012093129870481788
lazy-semantic-trace-stage-a1-dev-v1,B1_exact_content_hash_only,B1_exact_content_hash_only,0.01,non_ambiguous_contract,480,0,0,0,0.0,0.007939499087277936,0,0,0.0,0.0,0.0,1.0,0.00012229999992996454,0.0002923250140156597,0.00048116195714101046,2.00001522898674e-07,0.00012250000145286322,0.00029262501630000765,0.0004815039597451672
lazy-semantic-trace-stage-a1-dev-v1,B1_exact_content_hash_only,B1_exact_content_hash_only,0.03,non_ambiguous_contract,480,0,0,0,0.0,0.007939499087277936,0,0,0.0,0.0,0.0,1.0,0.00012339995009824634,0.0002659899357240643,0.00048057302599772766,2.00001522898674e-07,0.000123599951621145,0.0002662849379703399,0.0004808520281221713
lazy-semantic-trace-stage-a1-dev-v1,B1_exact_content_hash_only,B1_exact_content_hash_only,0.05,non_ambiguous_contract,480,0,0,0,0.0,0.007939499087277936,0,0,0.0,0.0,0.0,1.0,0.00012275000335648656,0.00026712994440458704,0.0005076180177275073,2.00001522898674e-07,0.0001230000052601099,0.00026742994668893505,0.0005079180200118553
lazy-semantic-trace-stage-a1-dev-v1,B1_exact_content_hash_only,B1_exact_content_hash_only,0.1,non_ambiguous_contract,480,0,0,0,0.0,0.007939499087277936,0,0,0.0,0.0,0.0,1.0,0.00012305000564083457,0.0002729649830143897,0.0004338509950321161,2.00001522898674e-07,0.00012335000792518258,0.00027468999614939084,0.0004340929968748235
lazy-semantic-trace-stage-a1-dev-v1,B1_exact_content_hash_only,B1_exact_content_hash_only,0.15,non_ambiguous_contract,480,0,0,0,0.0,0.007939499087277936,0,0,0.0,0.0,0.0,1.0,0.00012229999992996454,0.0002679349447134882,0.0004743360029533503,2.00001522898674e-07,0.00012255000183358788,0.00026822994695976373,0.00047461500507779393
lazy-semantic-trace-stage-a1-dev-v1,B2_random_bucket_routing,B2_random_bucket_routing::B3_stage_a_four_table_lsh,0.0,non_ambiguous_contract,480,0.19791666666666666,0.7125,0.7375,0.6963639803595082,0.774864757574035,0.19791666666666666,0,0.0,10.0,10.0,0.9991422916666667,4.9799971748143435e-05,6.230489234440028e-05,0.00011989595717750454,0.0019586500129662454,0.002014449972193688,0.0027733349357731635,0.003086572889005764
lazy-semantic-trace-stage-a1-dev-v1,B2_random_bucket_routing,B2_random_bucket_routing::B3_stage_a_four_table_lsh,0.01,non_ambiguous_contract,480,0.18958333333333333,0.7104166666666667,0.7583333333333333,0.7180824239171933,0.7944821682210464,0.18958333333333333,0.0020833333333333333,0.0,10.0,10.0,0.9991258333333334,5.010003224015236e-05,7.000506739132106e-05,0.00013956105802208135,0.0019908499671146274,0.0020420499495230615,0.002735169872175902,0.0030593129631597544
lazy-semantic-trace-stage-a1-dev-v1,B2_random_bucket_routing,B2_random_bucket_routing::B3_stage_a_four_table_lsh,0.03,non_ambiguous_contract,480,0.1875,0.6770833333333334,0.725,0.6833873800176918,0.763039845393033,0.1875,0.0020833333333333333,0.0,9.0,10.0,0.9991539583333333,5.010003224015236e-05,7.354998379014429e-05,0.0003343280765693633,0.0019480999326333404,0.002001149987336248,0.0027801150979939846,0.0029988260602112856
lazy-semantic-trace-stage-a1-dev-v1,B2_random_bucket_routing,B2_random_bucket_routing::B3_stage_a_four_table_lsh,0.05,non_ambiguous_contract,480,0.19791666666666666,0.7291666666666666,0.7666666666666667,0.7268033319441204,0.8022956018759982,0.19791666666666666,0,0.0,10.0,10.0,0.999135625,5.030003376305103e-05,6.559491739608338e-05,0.0003180880448780949,0.0019922999781556427,0.002044950029812753,0.002787600038573146,0.0031264859973452954
lazy-semantic-trace-stage-a1-dev-v1,B2_random_bucket_routing,B2_random_bucket_routing::B3_stage_a_four_table_lsh,0.1,non_ambiguous_contract,480,0.18333333333333332,0.7125,0.75,0.7093809977406285,0.7866492527157325,0.18333333333333332,0,0.0,10.0,10.0,0.9991433333333334,5.030003376305103e-05,8.055503130890424e-05,0.0002973310276865957,0.0019462499767541885,0.0020011000451631844,0.0028087249665986747,0.0029891869192942965
lazy-semantic-trace-stage-a1-dev-v1,B2_random_bucket_routing,B2_random_bucket_routing::B3_stage_a_four_table_lsh,0.15,non_ambiguous_contract,480,0.14791666666666667,0.7270833333333333,0.7666666666666667,0.7268033319441204,0.8022956018759982,0.14791666666666667,0,0.0,10.0,10.0,0.9991339583333333,5.039991810917854e-05,6.790505140088498e-05,0.00033568194601684743,0.0019896000158041716,0.0020438500214368105,0.002770599909126758,0.0030049310764297815
lazy-semantic-trace-stage-a1-dev-v1,B2_random_bucket_routing,B2_random_bucket_routing::B4_a1p_multi_table_lsh,0.0,non_ambiguous_contract,480,0.23125,0.7625,0.95,0.9266815695616154,0.9661728812598344,0.23125,0.004166666666666667,0.0,43.0,44.0,0.9958972916666666,8.194998372346163e-05,0.00010981002124026407,0.0002133869216777373,0.008345349924638867,0.00843319995328784,0.009607370034791528,0.010219972005579621
lazy-semantic-trace-stage-a1-dev-v1,B2_random_bucket_routing,B2_random_bucket_routing::B4_a1p_multi_table_lsh,0.01,non_ambiguous_contract,480,0.19166666666666668,0.7416666666666667,0.9416666666666667,0.9169841856597504,0.9593359234798208,0.19166666666666668,0.008333333333333333,0.0,44.0,44.0,0.9958810416666667,8.220004383474588e-05,0.00012315500644035631,0.00040965001913718805,0.008373800024855882,0.008468999993056059,0.009653219918254762,0.010468944032909346
lazy-semantic-trace-stage-a1-dev-v1,B2_random_bucket_routing,B2_random_bucket_routing::B4_a1p_multi_table_lsh,0.03,non_ambiguous_contract,480,0.20208333333333334,0.7166666666666667,0.9375,0.9121799490324678,0.9558729892661639,0.20208333333333334,0.0020833333333333333,0.0,44.0,44.0,0.9958916666666666,8.28000484034419e-05,0.00011831508018076419,0.0003621650254353857,0.008395850018132478,0.00848509999923408,0.009663450007792562,0.012430516014574084
lazy-semantic-trace-stage-a1-dev-v1,B2_random_bucket_routing,B2_random_bucket_routing::B4_a1p_multi_table_lsh,0.05,non_ambiguous_contract,480,0.24166666666666667,0.75,0.9520833333333333,0.9291268198228223,0.9678612164190971,0.24166666666666667,0.0020833333333333333,0.0,43.0,44.0,0.9958814583333333,8.254998829215765e-05,0.0001203299849294124,0.0003097820305265485,0.008339749998413026,0.00843104999512434,0.009586239990312604,0.012734055020846423
lazy-semantic-trace-stage-a1-dev-v1,B2_random_bucket_routing,B2_random_bucket_routing::B4_a1p_multi_table_lsh,0.1,non_ambiguous_contract,480,0.20833333333333334,0.74375,0.9395833333333333,0.914578659406922,0.9576078643121796,0.20833333333333334,0,0.0,44.0,44.0,0.9958591666666666,8.204998448491096e-05,0.00011064502177760001,0.0003944649954792101,0.008384549990296364,0.008461300109047443,0.009698299923911689,0.011503860020311521
lazy-semantic-trace-stage-a1-dev-v1,B2_random_bucket_routing,B2_random_bucket_routing::B4_a1p_multi_table_lsh,0.15,non_ambiguous_contract,480,0.2,0.75,0.9520833333333333,0.9291268198228223,0.9678612164190971,0.2,0,0.0,44.0,44.0,0.9958820833333333,8.240004535764456e-05,0.00012149999383836958,0.0003921680513303723,0.008353000041097403,0.008451750036329031,0.00950380995054729,0.01110378898330964
lazy-semantic-trace-stage-a1-dev-v1,B2_random_bucket_routing,B2_random_bucket_routing::B5_a1s1_multi_table_lsh,0.0,non_ambiguous_contract,480,0.225,0.7604166666666666,0.9520833333333333,0.9291268198228223,0.9678612164190971,0.225,0.010416666666666666,0.0,74.0,74.0,0.9929616666666666,9.039998985826969e-05,0.00012621502974070607,0.00017922099214047195,0.014048049983102828,0.014141749998088926,0.01544245500699617,0.01633543294505216
lazy-semantic-trace-stage-a1-dev-v1,B2_random_bucket_routing,B2_random_bucket_routing::B5_a1s1_multi_table_lsh,0.01,non_ambiguous_contract,480,0.2625,0.7541666666666667,0.94375,0.9193968603041041,0.9610568342559367,0.2625,0.008333333333333333,0.0,73.0,74.0,0.99300125,8.999998681247234e-05,0.00011304504587315018,0.00017609903588891004,0.0139433000003919,0.014032650040462613,0.015097294939914718,0.01619384395889937
lazy-semantic-trace-stage-a1-dev-v1,B2_random_bucket_routing,B2_random_bucket_routing::B5_a1s1_multi_table_lsh,0.03,non_ambiguous_contract,480,0.2125,0.70625,0.9166666666666666,0.8885103388501372,0.9382067452437979,0.2125,0,0.0,73.0,74.0,0.9929845833333333,9.02500469237566e-05,0.00011267003719694907,0.00016204502084292443,0.01411380001809448,0.014206200023181736,0.01558213501702994,0.019226733994437382
lazy-semantic-trace-stage-a1-dev-v1,B2_random_bucket_routing,B2_random_bucket_routing::B5_a1s1_multi_table_lsh,0.05,non_ambiguous_contract,480,0.2520833333333333,0.7875,0.9375,0.9121799490324678,0.9558729892661639,0.2520833333333333,0.00625,0.0,72.0,74.0,0.9930110416666666,9.059999138116837e-05,0.00012030009529553345,0.0002675660094246261,0.01396334997843951,0.014055599982384592,0.01562677500187419,0.018443073994712872
lazy-semantic-trace-stage-a1-dev-v1,B2_random_bucket_routing,B2_random_bucket_routing::B5_a1s1_multi_table_lsh,0.1,non_ambiguous_contract,480,0.22708333333333333,0.7520833333333333,0.9520833333333333,0.9291268198228223,0.9678612164190971,0.22708333333333333,0,0.0,72.5,74.0,0.9929983333333333,9.015004616230726e-05,0.0001324049662798643,0.0004435270687099542,0.014011150051373988,0.014117000042460859,0.015424369968241078,0.0174799160112161
lazy-semantic-trace-stage-a1-dev-v1,B2_random_bucket_routing,B2_random_bucket_routing::B5_a1s1_multi_table_lsh,0.15,non_ambiguous_contract,480,0.26458333333333334,0.7416666666666667,0.95,0.9266815695616154,0.9661728812598344,0.26458333333333334,0,0.0,73.0,74.0,0.9929870833333333,9.024998871609569e-05,0.00014094002544879882,0.0003518299770075825,0.014025500044226646,0.014114700024947524,0.015112955053336919,0.017257375973276732
lazy-semantic-trace-stage-a1-dev-v1,B2_random_bucket_routing,B2_random_bucket_routing::B6_a1s2_multi_table_lsh,0.0,non_ambiguous_contract,480,0.19791666666666666,0.7729166666666667,0.95,0.9266815695616154,0.9661728812598344,0.19791666666666666,0,0.0,25.0,26.0,0.9976252083333333,8.844997501000762e-05,0.00011626006453298027,0.0003760459285695101,0.00500415003625676,0.005099600064568222,0.0057648300018627195,0.00613831095979549
lazy-semantic-trace-stage-a1-dev-v1,B2_random_bucket_routing,B2_random_bucket_routing::B6_a1s2_multi_table_lsh,0.01,non_ambiguous_contract,480,0.18125,0.7479166666666667,0.925,0.8979151970205804,0.9453362287552335,0.18125,0.0020833333333333333,0.0,25.0,26.0,0.9976270833333334,8.859997615218163e-05,0.00012101499014534055,0.0002593170141335567,0.004979000019375235,0.005076900008134544,0.005698624963406473,0.00628119597560726
lazy-semantic-trace-stage-a1-dev-v1,B2_random_bucket_routing,B2_random_bucket_routing::B6_a1s2_multi_table_lsh,0.03,non_ambiguous_contract,480,0.17708333333333334,0.7375,0.9083333333333333,0.879176435584433,0.9310063068276234,0.17708333333333334,0.004166666666666667,0.0,25.0,26.0,0.9976239583333333,8.830003207549453e-05,0.0001178099657408893,0.00040328999515622775,0.004972799972165376,0.00507074996130541,0.005733424890786409,0.0061613720864988845
lazy-semantic-trace-stage-a1-dev-v1,B2_random_bucket_routing,B2_random_bucket_routing::B6_a1s2_multi_table_lsh,0.05,non_ambiguous_contract,480,0.2125,0.7416666666666667,0.9270833333333334,0.9002786961548992,0.9471063150413843,0.2125,0,0.0,25.0,26.0,0.9976360416666666,8.790002902969718e-05,0.00011061991681344806,0.00023967498098499955,0.0049418999697081745,0.00505305000115186,0.005768155033001676,0.00613036404014565
lazy-semantic-trace-stage-a1-dev-v1,B2_random_bucket_routing,B2_random_bucket_routing::B6_a1s2_multi_table_lsh,0.1,non_ambiguous_contract,480,0.18958333333333333,0.7104166666666667,0.9125,0.8838350907476049,0.9346148225053907,0.18958333333333333,0,0.0,25.0,26.0,0.9976316666666667,8.830003207549453e-05,0.000124170014169067,0.00019534992519766042,0.004965800035279244,0.005059299874119461,0.005766410124488175,0.006319439990911632
lazy-semantic-trace-stage-a1-dev-v1,B2_random_bucket_routing,B2_random_bucket_routing::B6_a1s2_multi_table_lsh,0.15,non_ambiguous_contract,480,0.19583333333333333,0.7270833333333333,0.9333333333333333,0.9074017750406834,0.9523839924170091,0.19583333333333333,0,0.0,26.0,26.0,0.9976116666666667,8.779997006058693e-05,0.00011050502653233706,0.0002126379648689177,0.004978700017090887,0.005078800022602081,0.005775349971372633,0.0059860359213780604
lazy-semantic-trace-stage-a1-dev-v1,B2_random_bucket_routing,B2_random_bucket_routing::B7_margin_aware_multi_probe_lsh,0.0,non_ambiguous_contract,480,0.21666666666666667,0.75625,0.94375,0.9193968603041041,0.9610568342559367,0.21666666666666667,0.004166666666666667,0.0,39.0,40.0,0.9963245833333333,7.899996126070619e-05,0.00010472998255863784,0.00021048106485977735,0.007578900025691837,0.007656599918846041,0.008661334950011222,0.009183935021283101
lazy-semantic-trace-stage-a1-dev-v1,B2_random_bucket_routing,B2_random_bucket_routing::B7_margin_aware_multi_probe_lsh,0.01,non_ambiguous_contract,480,0.2125,0.76875,0.94375,0.9193968603041041,0.9610568342559367,0.2125,0.0020833333333333333,0.0,39.0,40.0,0.996289375,7.860001642256975e-05,0.00011357493349350982,0.0002937249757815148,0.007603599922731519,0.007681049930397421,0.008750114921713247,0.010266247070394422
lazy-semantic-trace-stage-a1-dev-v1,B2_random_bucket_routing,B2_random_bucket_routing::B7_margin_aware_multi_probe_lsh,0.03,non_ambiguous_contract,480,0.19166666666666668,0.7375,0.93125,0.9050217673867105,0.9506304146505125,0.19166666666666668,0.0020833333333333333,0.0,38.5,40.0,0.9963195833333334,7.92999635450542e-05,0.00010391498217359184,0.00019208998652174802,0.007638850016519427,0.007718300039414316,0.008842679928056896,0.01063811200321649
lazy-semantic-trace-stage-a1-dev-v1,B2_random_bucket_routing,B2_random_bucket_routing::B7_margin_aware_multi_probe_lsh,0.05,non_ambiguous_contract,480,0.22708333333333333,0.7520833333333333,0.94375,0.9193968603041041,0.9610568342559367,0.22708333333333333,0.004166666666666667,0.0,39.0,40.0,0.9962708333333333,7.960002403706312e-05,0.00010363997425884004,0.0002460999868344511,0.007630749954842031,0.007713250000961125,0.008819294982822612,0.010758774004643774
lazy-semantic-trace-stage-a1-dev-v1,B2_random_bucket_routing,B2_random_bucket_routing::B7_margin_aware_multi_probe_lsh,0.1,non_ambiguous_contract,480,0.225,0.7770833333333333,0.9520833333333333,0.9291268198228223,0.9678612164190971,0.225,0,0.0,39.0,40.0,0.9963170833333334,7.909990381449461e-05,0.00010247007594443852,0.00028382799238897764,0.007630700012668967,0.0077184499823488295,0.008729304879670961,0.01077695701504125
lazy-semantic-trace-stage-a1-dev-v1,B2_random_bucket_routing,B2_random_bucket_routing::B7_margin_aware_multi_probe_lsh,0.15,non_ambiguous_contract,480,0.21458333333333332,0.76875,0.94375,0.9193968603041041,0.9610568342559367,0.21458333333333332,0,0.0,39.0,40.0,0.996278125,7.910002022981644e-05,0.00010620499379001557,0.00016987301292829214,0.007653349952306598,0.0077318999683484435,0.008684584888396784,0.00959930296754464
lazy-semantic-trace-stage-a1-dev-v1,B3_stage_a_four_table_lsh,B3_stage_a_four_table_lsh,0.0,non_ambiguous_contract,480,1,1,1,0.9920605009127221,1.0,1,1,0.0,11.0,18.0,0.9988416666666666,0.00020869995933026075,0.00037241503596305834,0.00064509097370319,0.002378599951043725,0.0026707000215537846,0.004138319951016454,0.004617625948740167
lazy-semantic-trace-stage-a1-dev-v1,B3_stage_a_four_table_lsh,B3_stage_a_four_table_lsh,0.01,non_ambiguous_contract,480,0.9270833333333334,0.9708333333333333,0.9729166666666667,0.9542186405124441,0.9841052499341721,0.9270833333333334,0.9083333333333333,0.0,11.0,18.0,0.9988616666666666,0.00020800007041543722,0.0003131300501991062,0.0006531019427347925,0.0023496500216424465,0.0026097999652847648,0.004059920157305894,0.004652455981122328
lazy-semantic-trace-stage-a1-dev-v1,B3_stage_a_four_table_lsh,B3_stage_a_four_table_lsh,0.03,non_ambiguous_contract,480,0.7854166666666667,0.9208333333333333,0.9375,0.9121799490324678,0.9558729892661639,0.7854166666666667,0.6979166666666666,0.0,11.0,17.049999999999955,0.99890625,0.00020849995780736208,0.00034722496639005813,0.0007208360172808171,0.0023044999688863754,0.0025371499941684306,0.00399402990587987,0.0047047719685360785
lazy-semantic-trace-stage-a1-dev-v1,B3_stage_a_four_table_lsh,B3_stage_a_four_table_lsh,0.05,non_ambiguous_contract,480,0.6479166666666667,0.8625,0.8875,0.8561007578225626,0.912746130384797,0.6479166666666667,0.45625,0.0,11.0,17.0,0.99891125,0.00020765000954270363,0.00037705496069975167,0.0006940310215577481,0.0023221499868668616,0.0025374999968335032,0.003986410074867306,0.0044925810256972905
lazy-semantic-trace-stage-a1-dev-v1,B3_stage_a_four_table_lsh,B3_stage_a_four_table_lsh,0.1,non_ambiguous_contract,480,0.43125,0.79375,0.8333333333333334,0.7973744910720019,0.8639991762031464,0.43125,0,0.0,10.0,17.0,0.998956875,0.000208650017157197,0.00034117503091692916,0.0006886829808354371,0.00214830000186339,0.002375700103584677,0.003753505047643556,0.004564605016494169
lazy-semantic-trace-stage-a1-dev-v1,B3_stage_a_four_table_lsh,B3_stage_a_four_table_lsh,0.15,non_ambiguous_contract,480,0.3145833333333333,0.7458333333333333,0.7979166666666667,0.759693241950164,0.8314094731769998,0.3145833333333333,0,0.0,10.0,16.0,0.9989733333333334,0.00020775001030415297,0.0003273399372119455,0.0007030630414374163,0.002175849920604378,0.002401400124654174,0.0037182151107117514,0.004542567965108901
lazy-semantic-trace-stage-a1-dev-v1,B4_a1p_multi_table_lsh,B4_a1p_multi_table_lsh,0.0,non_ambiguous_contract,480,1,1,1,0.9920605009127221,1.0,1,1,0.0,47.0,60.049999999999955,0.9952108333333334,0.0006522500771097839,0.001160354982130229,0.0014253669348545373,0.009365750011056662,0.010098950006067753,0.013010019867215302,0.013986960934707894
lazy-semantic-trace-stage-a1-dev-v1,B4_a1p_multi_table_lsh,B4_a1p_multi_table_lsh,0.01,non_ambiguous_contract,480,1,1,1,0.9920605009127221,1.0,1,1,0.0,47.0,61.0,0.9952108333333334,0.0006599000189453363,0.0012143949337769298,0.0015226919960696242,0.009468100033700466,0.010250149935018271,0.012986580107826733,0.014749402933521187
lazy-semantic-trace-stage-a1-dev-v1,B4_a1p_multi_table_lsh,B4_a1p_multi_table_lsh,0.03,non_ambiguous_contract,480,0.9895833333333334,1,1,0.9920605009127221,1.0,0.9895833333333334,0.9875,0.0,47.0,60.0,0.9953127083333333,0.0006573500577360392,0.0012688999995589256,0.0013899639656301582,0.009282700018957257,0.010154100018553436,0.012980519991833715,0.01592200800660063
lazy-semantic-trace-stage-a1-dev-v1,B4_a1p_multi_table_lsh,B4_a1p_multi_table_lsh,0.05,non_ambiguous_contract,480,0.96875,0.9875,0.9958333333333333,0.9849367250249965,0.9988566050467862,0.96875,0.8,0.0,48.0,61.0,0.99521125,0.0006535499705933034,0.001166819920763373,0.0013357200613245356,0.009460450033657253,0.01016809995053336,0.012845940131228417,0.015123038921738042
lazy-semantic-trace-stage-a1-dev-v1,B4_a1p_multi_table_lsh,B4_a1p_multi_table_lsh,0.1,non_ambiguous_contract,480,0.8020833333333334,0.93125,0.9729166666666667,0.9542186405124441,0.9841052499341721,0.8020833333333334,0.0020833333333333333,0.0,46.0,59.0,0.9952972916666667,0.0006513500702567399,0.0012059599859640003,0.001409977977164089,0.009332749992609024,0.010193850030191243,0.012958819948835297,0.017407877927180366
lazy-semantic-trace-stage-a1-dev-v1,B4_a1p_multi_table_lsh,B4_a1p_multi_table_lsh,0.15,non_ambiguous_contract,480,0.6270833333333333,0.875,0.9708333333333333,0.9516423653386287,0.982547939687518,0.6270833333333333,0,0.0,46.0,59.049999999999955,0.9953885416666667,0.0006542500923387706,0.001180430018575862,0.0014106750197242913,0.009130349906627089,0.00993570004357025,0.013229029910871758,0.014909554073819886
lazy-semantic-trace-stage-a1-dev-v1,B5_a1s1_multi_table_lsh,B5_a1s1_multi_table_lsh,0.0,non_ambiguous_contract,480,1,1,1,0.9920605009127221,1.0,1,1,0.0,78.0,95.04999999999995,0.9922039583333333,0.0005709499819204211,0.0010270199098158627,0.0012239090062212197,0.015284900029655546,0.01587925001513213,0.019297465105773876,0.02078019602224231
lazy-semantic-trace-stage-a1-dev-v1,B5_a1s1_multi_table_lsh,B5_a1s1_multi_table_lsh,0.01,non_ambiguous_contract,480,1,1,1,0.9920605009127221,1.0,1,1,0.0,78.0,96.0,0.9921935416666666,0.0005730000557377934,0.001090324920369312,0.0012292490224353968,0.015211799996905029,0.01587990002008155,0.01938810502178967,0.020282160986680533
lazy-semantic-trace-stage-a1-dev-v1,B5_a1s1_multi_table_lsh,B5_a1s1_multi_table_lsh,0.03,non_ambiguous_contract,480,0.9916666666666667,1,1,0.9920605009127221,1.0,0.9916666666666667,0.9854166666666667,0.0,77.0,94.0,0.9923170833333333,0.0005751000135205686,0.0010530949861276894,0.0013140930561348777,0.01513889996567741,0.015775750041939318,0.019567509950138624,0.021780837995465843
lazy-semantic-trace-stage-a1-dev-v1,B5_a1s1_multi_table_lsh,B5_a1s1_multi_table_lsh,0.05,non_ambiguous_contract,480,0.96875,0.9895833333333334,0.99375,0.9817875384855611,0.997872206165752,0.96875,0.8,0.0,77.0,96.04999999999995,0.992205625,0.0005686500226147473,0.0010363099747337397,0.0012223799456842236,0.01514874998247251,0.01575444999616593,0.01976023504976183,0.021034779970068484
lazy-semantic-trace-stage-a1-dev-v1,B5_a1s1_multi_table_lsh,B5_a1s1_multi_table_lsh,0.1,non_ambiguous_contract,480,0.8208333333333333,0.9333333333333333,0.975,0.9568152821429874,0.9856421937240984,0.8208333333333333,0.0020833333333333333,0.0,77.0,94.04999999999995,0.9922766666666667,0.0005741000059060752,0.0010484899510629473,0.0012814899790100749,0.014966049988288432,0.015549350006040186,0.019713349925586952,0.023341558959800727
lazy-semantic-trace-stage-a1-dev-v1,B5_a1s1_multi_table_lsh,B5_a1s1_multi_table_lsh,0.15,non_ambiguous_contract,480,0.6583333333333333,0.8895833333333333,0.9791666666666666,0.9620795037783362,0.9886451429296891,0.6583333333333333,0,0.0,76.0,94.04999999999995,0.9924127083333333,0.0005731499986723065,0.0010249149985611437,0.001260908000404013,0.014765300031285733,0.01533749996451661,0.01921634993632323,0.021139903938164926
lazy-semantic-trace-stage-a1-dev-v1,B6_a1s2_multi_table_lsh,B6_a1s2_multi_table_lsh,0.0,non_ambiguous_contract,480,1,1,1,0.9920605009127221,1.0,1,1,0.0,28.0,38.0,0.9971433333333334,0.000770700047723949,0.001305095036514103,0.0014775999344419685,0.005705900024622679,0.006568699958734214,0.008426269999472422,0.00960010704118758
lazy-semantic-trace-stage-a1-dev-v1,B6_a1s2_multi_table_lsh,B6_a1s2_multi_table_lsh,0.01,non_ambiguous_contract,480,1,1,1,0.9920605009127221,1.0,1,1,0.0,28.0,39.0,0.9971458333333333,0.000772350060287863,0.001302895019762218,0.001456680007977411,0.005681050010025501,0.006501050025690347,0.008801734942244363,0.010075374940643084
lazy-semantic-trace-stage-a1-dev-v1,B6_a1s2_multi_table_lsh,B6_a1s2_multi_table_lsh,0.03,non_ambiguous_contract,480,0.9895833333333334,0.9979166666666667,1,0.9920605009127221,1.0,0.9895833333333334,0.9875,0.0,28.0,39.0,0.997171875,0.0007730000652372837,0.0013123799813911318,0.0014463259535841644,0.005719250009860843,0.006606550014112145,0.008654144994216038,0.009625118974363425
lazy-semantic-trace-stage-a1-dev-v1,B6_a1s2_multi_table_lsh,B6_a1s2_multi_table_lsh,0.05,non_ambiguous_contract,480,0.9666666666666667,0.98125,0.99375,0.9817875384855611,0.997872206165752,0.9666666666666667,0.8020833333333334,0.0,28.0,38.0,0.9971620833333333,0.0007737999549135566,0.001372519979486242,0.001603520005010067,0.005685650045052171,0.006509050028398633,0.008876854932168495,0.009878084921510884
lazy-semantic-trace-stage-a1-dev-v1,B6_a1s2_multi_table_lsh,B6_a1s2_multi_table_lsh,0.1,non_ambiguous_contract,480,0.775,0.9291666666666667,0.96875,0.9490845040848153,0.9809722155208618,0.775,0.0020833333333333333,0.0,28.0,37.0,0.997209375,0.0007729000062681735,0.0013119750889018173,0.0016571879968978458,0.005539700039662421,0.006370650022290647,0.008508869924116876,0.009713101945817464
lazy-semantic-trace-stage-a1-dev-v1,B6_a1s2_multi_table_lsh,B6_a1s2_multi_table_lsh,0.15,non_ambiguous_contract,480,0.59375,0.8645833333333334,0.9708333333333333,0.9516423653386287,0.982547939687518,0.59375,0,0.0,27.0,36.0,0.997315625,0.0007714499370194972,0.0013214949343819168,0.001508476028684526,0.005321549950167537,0.006212900043465197,0.008331104990793392,0.00933928295969963
lazy-semantic-trace-stage-a1-dev-v1,B7_margin_aware_multi_probe_lsh,B7_margin_aware_multi_probe_lsh,0.0,non_ambiguous_contract,480,1,1,1,0.9920605009127221,1.0,1,1,0.0,43.0,56.049999999999955,0.9957035416666666,0.0012257500202395022,0.0018631599843502043,0.001972680954495444,0.008442399906925857,0.009738900058437139,0.012687554932199412,0.014527793023735271
lazy-semantic-trace-stage-a1-dev-v1,B7_margin_aware_multi_probe_lsh,B7_margin_aware_multi_probe_lsh,0.01,non_ambiguous_contract,480,1,1,1,0.9920605009127221,1.0,1,0.9979166666666667,0.0,43.0,55.0,0.9957247916666667,0.001222899998538196,0.0018499900004826486,0.0019865170598495747,0.008521599986124784,0.009872150025330484,0.012364854972111062,0.014209027888718976
lazy-semantic-trace-stage-a1-dev-v1,B7_margin_aware_multi_probe_lsh,B7_margin_aware_multi_probe_lsh,0.03,non_ambiguous_contract,480,0.9729166666666667,0.9958333333333333,1,0.9920605009127221,1.0,0.9729166666666667,0.9541666666666667,0.0,41.0,55.0,0.9957927083333333,0.0012309500598348677,0.0018856349284760653,0.0021150250581558785,0.008289449964649975,0.009737249987665564,0.012723320012446492,0.01475343406782485
lazy-semantic-trace-stage-a1-dev-v1,B7_margin_aware_multi_probe_lsh,B7_margin_aware_multi_probe_lsh,0.05,non_ambiguous_contract,480,0.9041666666666667,0.9791666666666666,0.9895833333333334,0.9758499294751184,0.9955426443352553,0.9041666666666667,0.7333333333333333,0.0,42.0,57.0,0.9958154166666666,0.0012231500004418194,0.0019062150735408066,0.0020577799715101705,0.008295850013382733,0.009643449971918017,0.012550620088586583,0.01412963597336784
lazy-semantic-trace-stage-a1-dev-v1,B7_margin_aware_multi_probe_lsh,B7_margin_aware_multi_probe_lsh,0.1,non_ambiguous_contract,480,0.7270833333333333,0.9041666666666667,0.9666666666666667,0.9465434043824487,0.9793797298027586,0.7270833333333333,0.0020833333333333333,0.0,41.0,54.0,0.995914375,0.0012330000172369182,0.0019179449300281697,0.0021929499588441105,0.008152200025506318,0.009490200027357787,0.012243979977210983,0.013419790082843972
lazy-semantic-trace-stage-a1-dev-v1,B7_margin_aware_multi_probe_lsh,B7_margin_aware_multi_probe_lsh,0.15,non_ambiguous_contract,480,0.5583333333333333,0.8604166666666667,0.9583333333333334,0.9365210511420765,0.9728677413612521,0.5583333333333333,0,0.0,40.0,54.0,0.99590625,0.0012385000009089708,0.0019112449954263866,0.002069741946179418,0.008128050016239285,0.009515700046904385,0.012420539930462837,0.013996712102089071
lazy-semantic-trace-stage-a1-dev-v1,B0_global_exact_semantic_scan,B0_global_exact_semantic_scan,0.0,ambiguous_only,64,0.765625,1,1,0.9433759402071946,1.0,0.765625,0.5,0.0,10000.0,10000.0,0.0,0.00011304998770356178,0.00015534001868218185,0.0003040990047156809,0.02496885001892224,0.025095999939367175,0.027612995024537665,0.028974237978691236
lazy-semantic-trace-stage-a1-dev-v1,B0_global_exact_semantic_scan,B0_global_exact_semantic_scan,0.01,ambiguous_only,64,0.734375,1,1,0.9433759402071946,1.0,0.734375,0.5,0.0,10000.0,10000.0,0.0,0.00011410005390644073,0.00014845498371869324,0.0004655579663813113,0.02497280004899949,0.02510204998543486,0.02664693506085314,0.04050202597980379
lazy-semantic-trace-stage-a1-dev-v1,B0_global_exact_semantic_scan,B0_global_exact_semantic_scan,0.03,ambiguous_only,64,0.765625,1,1,0.9433759402071946,1.0,0.765625,0.5,0.0,10000.0,10000.0,0.0,0.00011359993368387222,0.00021035004174336751,0.0005106949910987167,0.02491310006007552,0.0250293500139378,0.02705691002192907,0.027916194088757035
lazy-semantic-trace-stage-a1-dev-v1,B0_global_exact_semantic_scan,B0_global_exact_semantic_scan,0.05,ambiguous_only,64,0.734375,1,1,0.9433759402071946,1.0,0.734375,0.34375,0.0,10000.0,10000.0,0.0,0.00011494994396343827,0.00018023497541435062,0.0007418479840271169,0.024890600063372403,0.025043749948963523,0.027051600028062235,0.028909870027564462
lazy-semantic-trace-stage-a1-dev-v1,B0_global_exact_semantic_scan,B0_global_exact_semantic_scan,0.1,ambiguous_only,64,0.734375,1,1,0.9433759402071946,1.0,0.734375,0,0.0,10000.0,10000.0,0.0,0.0001136499922722578,0.00013935491442680355,0.00017727601341903197,0.02504404995124787,0.025162349978927523,0.027632835053373127,0.04484540398349045
lazy-semantic-trace-stage-a1-dev-v1,B0_global_exact_semantic_scan,B0_global_exact_semantic_scan,0.15,ambiguous_only,64,0.71875,1,1,0.9433759402071946,1.0,0.71875,0,0.0,10000.0,10000.0,0.0,0.00011295004514977336,0.00015067998319864273,0.00021436597686260914,0.024849950044881552,0.024966199998743832,0.026607219962170348,0.027339026033878323
lazy-semantic-trace-stage-a1-dev-v1,B1_exact_content_hash_only,B1_exact_content_hash_only,0.0,ambiguous_only,64,0.65625,1,1,0.9433759402071946,1.0,0.65625,0.5,0.0,2.0,2.0,0.9998,0.00012214999878779054,0.00021033497177995735,0.00048582493094727396,0.0005800500512123108,0.0007072000298649073,0.001243624958442524,0.001920089919585733
lazy-semantic-trace-stage-a1-dev-v1,B1_exact_content_hash_only,B1_exact_content_hash_only,0.01,ambiguous_only,64,0,0,0,0.0,0.05662405979280534,0,0,0.0,0.0,0.0,1.0,0.00012310000602155924,0.00022420497843995683,0.0003107119945343584,2.00001522898674e-07,0.0001233000075444579,0.0002244049799628555,0.000310911996057257
lazy-semantic-trace-stage-a1-dev-v1,B1_exact_content_hash_only,B1_exact_content_hash_only,0.03,ambiguous_only,64,0,0,0,0.0,0.05662405979280534,0,0,0.0,0.0,0.0,1.0,0.00012240000069141388,0.00029613503138534674,0.0008613340277224767,2.00001522898674e-07,0.00012260000221431255,0.0002963500330224628,0.0008616340300068247
lazy-semantic-trace-stage-a1-dev-v1,B1_exact_content_hash_only,B1_exact_content_hash_only,0.05,ambiguous_only,64,0,0,0,0.0,0.05662405979280534,0,0,0.0,0.0,0.0,1.0,0.0001227000029757619,0.0002709050371777262,0.0003358070261310785,2.00001522898674e-07,0.0001228500041179359,0.0002712750399950888,0.0003360700281336903
lazy-semantic-trace-stage-a1-dev-v1,B1_exact_content_hash_only,B1_exact_content_hash_only,0.1,ambiguous_only,64,0,0,0,0.0,0.05662405979280534,0,0,0.0,0.0,0.0,1.0,0.00012390001211315393,0.0003131700563244521,0.00033282804652117186,2.00001522898674e-07,0.0001241000136360526,0.0003134700586088001,0.00033309104852378366
lazy-semantic-trace-stage-a1-dev-v1,B1_exact_content_hash_only,B1_exact_content_hash_only,0.15,ambiguous_only,64,0,0,0,0.0,0.05662405979280534,0,0,0.0,0.0,0.0,1.0,0.0001218999968841672,0.00020266496576368788,0.0003512680064886802,2.00001522898674e-07,0.00012209999840706587,0.00020286496728658655,0.0003514680080115789
lazy-semantic-trace-stage-a1-dev-v1,B2_random_bucket_routing,B2_random_bucket_routing::B3_stage_a_four_table_lsh,0.0,ambiguous_only,64,0.140625,0.78125,0.828125,0.7178678837734179,0.9012225769875536,0.140625,0,0.0,10.0,10.0,0.9991359375,4.96999709866941e-05,5.9729989152401674e-05,0.0004142420180141901,0.001981350069399923,0.002031950105447322,0.0027831800398416817,0.002964468946447595
lazy-semantic-trace-stage-a1-dev-v1,B2_random_bucket_routing,B2_random_bucket_routing::B3_stage_a_four_table_lsh,0.01,ambiguous_only,64,0.171875,0.703125,0.71875,0.5986606971779259,0.8140662766627217,0.171875,0.015625,0.0,9.0,10.0,0.9991640625,4.98499721288681e-05,6.339999963529408e-05,8.399201440624889e-05,0.0018797500524669886,0.0019352000090293586,0.002627324883360416,0.0028422689600847654
lazy-semantic-trace-stage-a1-dev-v1,B2_random_bucket_routing,B2_random_bucket_routing::B3_stage_a_four_table_lsh,0.03,ambiguous_only,64,0.09375,0.734375,0.796875,0.6828636426898583,0.8772658218081634,0.09375,0,0.0,9.5,10.0,0.9991234375,5.06499782204628e-05,6.648004055023193e-05,0.00020679700188338661,0.002000549982767552,0.0020598499104380608,0.002755234943469986,0.0028746728866826743
lazy-semantic-trace-stage-a1-dev-v1,B2_random_bucket_routing,B2_random_bucket_routing::B3_stage_a_four_table_lsh,0.05,ambiguous_only,64,0.203125,0.6875,0.734375,0.6151712627143486,0.8270362092577739,0.203125,0,0.0,9.0,10.0,0.9991265625,5.015003262087703e-05,5.971998907625675e-05,0.00018774099880829387,0.0019212000188417733,0.0019694000366143882,0.0027229449129663407,0.0030003690253943196
lazy-semantic-trace-stage-a1-dev-v1,B2_random_bucket_routing,B2_random_bucket_routing::B3_stage_a_four_table_lsh,0.1,ambiguous_only,64,0.15625,0.78125,0.796875,0.6828636426898583,0.8772658218081634,0.15625,0,0.0,10.0,10.0,0.9991375,5.039991810917854e-05,7.400998147204517e-05,0.00011183992028236386,0.0019997500348836184,0.002052350086160004,0.0027261549548711628,0.002891818034695461
lazy-semantic-trace-stage-a1-dev-v1,B2_random_bucket_routing,B2_random_bucket_routing::B3_stage_a_four_table_lsh,0.15,ambiguous_only,64,0.15625,0.703125,0.765625,0.6486674241743136,0.8525010440607586,0.15625,0,0.0,9.0,10.0,0.999171875,5.0999922677874565e-05,7.304497412405907e-05,0.00010397500707767892,0.0019110499997623265,0.0019616500358097255,0.0027200350072234866,0.0028273889364209023
lazy-semantic-trace-stage-a1-dev-v1,B2_random_bucket_routing,B2_random_bucket_routing::B4_a1p_multi_table_lsh,0.0,ambiguous_only,64,0.234375,0.78125,0.96875,0.8930270822904169,0.9913878616538281,0.234375,0,0.0,43.0,44.0,0.99590625,8.070003241300583e-05,9.637493640184401e-05,0.0003553620085585847,0.00831319997087121,0.008389549911953509,0.009513399930438026,0.010063782950164748
lazy-semantic-trace-stage-a1-dev-v1,B2_random_bucket_routing,B2_random_bucket_routing::B4_a1p_multi_table_lsh,0.01,ambiguous_only,64,0.1875,0.765625,0.96875,0.8930270822904169,0.9913878616538281,0.1875,0.015625,0.0,42.0,44.0,0.9959421875,8.160003926604986e-05,0.00010038504842668772,0.0002125079545658075,0.008280950016342103,0.008372950076591223,0.00972370003000833,0.010263605960644781
lazy-semantic-trace-stage-a1-dev-v1,B2_random_bucket_routing,B2_random_bucket_routing::B4_a1p_multi_table_lsh,0.03,ambiguous_only,64,0.21875,0.765625,1,0.9433759402071946,1.0,0.21875,0.015625,0.0,43.0,44.0,0.9958734375,8.049997268244624e-05,9.18750010896474e-05,9.918405674397945e-05,0.008349500014446676,0.008431750000454485,0.009530385077232494,0.009761618932243437
lazy-semantic-trace-stage-a1-dev-v1,B2_random_bucket_routing,B2_random_bucket_routing::B4_a1p_multi_table_lsh,0.05,ambiguous_only,64,0.265625,0.796875,0.984375,0.9166589839990573,0.9972364580766624,0.265625,0.015625,1.0,44.0,44.0,0.995934375,8.085003355517983e-05,0.0001040950941387564,0.00036181299132294944,0.008321250032167882,0.008466399973258376,0.009462110057938844,0.01086302403244189
lazy-semantic-trace-stage-a1-dev-v1,B2_random_bucket_routing,B2_random_bucket_routing::B4_a1p_multi_table_lsh,0.1,ambiguous_only,64,0.296875,0.765625,0.984375,0.9166589839990573,0.9972364580766624,0.296875,0,0.0,44.0,44.0,0.9958375,8.220004383474588e-05,0.0001001850643660873,0.00020941300434060327,0.008413949981331825,0.00850279995938763,0.009528650029096752,0.010394831949379292
lazy-semantic-trace-stage-a1-dev-v1,B2_random_bucket_routing,B2_random_bucket_routing::B4_a1p_multi_table_lsh,0.15,ambiguous_only,64,0.265625,0.734375,0.953125,0.8710034625990631,0.983930983213707,0.265625,0,0.0,44.0,44.0,0.9958296875,8.159998105838895e-05,0.00011439495719969264,0.00013245403417386112,0.00843790004728362,0.008515950001310557,0.009612925007240846,0.00988420897279866
lazy-semantic-trace-stage-a1-dev-v1,B2_random_bucket_routing,B2_random_bucket_routing::B5_a1s1_multi_table_lsh,0.0,ambiguous_only,64,0.28125,0.84375,0.953125,0.8710034625990631,0.983930983213707,0.28125,0.046875,0.3333333333333333,73.5,74.0,0.992978125,9.14999982342124e-05,0.00017426994745619595,0.0003021350631024686,0.014054099970962852,0.014146049972623587,0.01507230990100652,0.015817232970148323
lazy-semantic-trace-stage-a1-dev-v1,B2_random_bucket_routing,B2_random_bucket_routing::B5_a1s1_multi_table_lsh,0.01,ambiguous_only,64,0.328125,0.84375,0.984375,0.9166589839990573,0.9972364580766624,0.328125,0.03125,0.5,74.0,74.0,0.992934375,9.029998909682035e-05,0.00013342498568817964,0.00040323806111700815,0.013982050004415214,0.014084799971897155,0.01524867495172657,0.015664275016169994
lazy-semantic-trace-stage-a1-dev-v1,B2_random_bucket_routing,B2_random_bucket_routing::B5_a1s1_multi_table_lsh,0.03,ambiguous_only,64,0.21875,0.71875,0.984375,0.9166589839990573,0.9972364580766624,0.21875,0,0.0,71.0,74.0,0.9931,9.044999023899436e-05,0.00012641003122553223,0.0003374269395135341,0.013863750034943223,0.013953100016806275,0.015616435033734886,0.016873052970040586
lazy-semantic-trace-stage-a1-dev-v1,B2_random_bucket_routing,B2_random_bucket_routing::B5_a1s1_multi_table_lsh,0.05,ambiguous_only,64,0.265625,0.859375,0.984375,0.9166589839990573,0.9972364580766624,0.265625,0,0.0,73.0,74.0,0.9929390625,9.104999480769038e-05,0.00012377501116134224,0.00020530102425254858,0.014101100037805736,0.014191550086252391,0.015180155087728053,0.015390176975633947
lazy-semantic-trace-stage-a1-dev-v1,B2_random_bucket_routing,B2_random_bucket_routing::B5_a1s1_multi_table_lsh,0.1,ambiguous_only,64,0.3125,0.78125,0.953125,0.8710034625990631,0.983930983213707,0.3125,0,0.0,74.0,74.0,0.9929296875,9.02500469237566e-05,0.00017336494056507942,0.0003591739281546323,0.014091650024056435,0.014213550020940602,0.015152445080457256,0.01638629897148348
lazy-semantic-trace-stage-a1-dev-v1,B2_random_bucket_routing,B2_random_bucket_routing::B5_a1s1_multi_table_lsh,0.15,ambiguous_only,64,0.34375,0.890625,0.96875,0.8930270822904169,0.9913878616538281,0.34375,0,0.0,73.5,74.0,0.99299375,9.079999290406704e-05,0.000124739937018603,0.00032306301523931324,0.01400055002886802,0.01409235002938658,0.01487467500846833,0.0157435060699936
lazy-semantic-trace-stage-a1-dev-v1,B2_random_bucket_routing,B2_random_bucket_routing::B6_a1s2_multi_table_lsh,0.0,ambiguous_only,64,0.140625,0.71875,0.953125,0.8710034625990631,0.983930983213707,0.140625,0,0.0,26.0,26.0,0.99756875,8.89499788172543e-05,0.00011737997992895535,0.0002922340435907244,0.0049909999943338335,0.005113650055136532,0.005785685090813786,0.006320233857259153
lazy-semantic-trace-stage-a1-dev-v1,B2_random_bucket_routing,B2_random_bucket_routing::B6_a1s2_multi_table_lsh,0.01,ambiguous_only,64,0.203125,0.84375,0.96875,0.8930270822904169,0.9913878616538281,0.203125,0.015625,0.0,26.0,26.0,0.9976109375,8.859997615218163e-05,0.0001464999862946568,0.00024078400572761854,0.004968599940184504,0.005083749943878502,0.005730570032028481,0.005914632937638088
lazy-semantic-trace-stage-a1-dev-v1,B2_random_bucket_routing,B2_random_bucket_routing::B6_a1s2_multi_table_lsh,0.03,ambiguous_only,64,0.234375,0.875,0.984375,0.9166589839990573,0.9972364580766624,0.234375,0,0.0,26.0,26.0,0.99756875,8.680002065375447e-05,0.00010694999946281313,0.00013718905742280172,0.0051858999649994075,0.005272299982607365,0.005723074957495555,0.005868142984108999
lazy-semantic-trace-stage-a1-dev-v1,B2_random_bucket_routing,B2_random_bucket_routing::B6_a1s2_multi_table_lsh,0.05,ambiguous_only,64,0.125,0.796875,0.984375,0.9166589839990573,0.9972364580766624,0.125,0,0.0,25.0,26.0,0.9976453125,8.919998072087765e-05,0.00011740498011931775,0.00021655602380633328,0.004870699951425195,0.0049701499519869685,0.00578596499399282,0.006070650910260154
lazy-semantic-trace-stage-a1-dev-v1,B2_random_bucket_routing,B2_random_bucket_routing::B6_a1s2_multi_table_lsh,0.1,ambiguous_only,64,0.21875,0.8125,0.9375,0.8500251490779133,0.9754287986033819,0.21875,0,0.0,25.0,26.0,0.9976,8.885003626346588e-05,0.00014078002423048016,0.0004914340341929345,0.005080049973912537,0.005175899947062135,0.0058023849443998195,0.006137222972465679
lazy-semantic-trace-stage-a1-dev-v1,B2_random_bucket_routing,B2_random_bucket_routing::B6_a1s2_multi_table_lsh,0.15,ambiguous_only,64,0.25,0.796875,0.96875,0.8930270822904169,0.9913878616538281,0.25,0,0.0,26.0,26.0,0.9976109375,8.750002598389983e-05,0.00012943993788212533,0.00016733599361032245,0.004936949990224093,0.0050733499228954315,0.005795100046088918,0.00591434191330336
lazy-semantic-trace-stage-a1-dev-v1,B2_random_bucket_routing,B2_random_bucket_routing::B7_margin_aware_multi_probe_lsh,0.0,ambiguous_only,64,0.21875,0.734375,0.953125,0.8710034625990631,0.983930983213707,0.21875,0,0.0,38.0,40.0,0.996346875,7.910002022981644e-05,0.00010082497028633951,0.00017839799169450994,0.007659800001420081,0.007739050022792071,0.008534750080434604,0.00915320402360521
lazy-semantic-trace-stage-a1-dev-v1,B2_random_bucket_routing,B2_random_bucket_routing::B7_margin_aware_multi_probe_lsh,0.01,ambiguous_only,64,0.21875,0.796875,0.96875,0.8930270822904169,0.9913878616538281,0.21875,0,0.0,37.0,40.0,0.99639375,7.825001375749707e-05,0.00010580000816844399,0.00017624599277041826,0.007425000017974526,0.007504749984946102,0.0082206099643372,0.008598200955893844
lazy-semantic-trace-stage-a1-dev-v1,B2_random_bucket_routing,B2_random_bucket_routing::B7_margin_aware_multi_probe_lsh,0.03,ambiguous_only,64,0.203125,0.828125,1,0.9433759402071946,1.0,0.203125,0.015625,0.0,38.5,40.0,0.996265625,8.010002784430981e-05,9.504502522759137e-05,0.00022037801449187035,0.007526449975557625,0.007615099952090532,0.008891884906915948,0.009853998027974735
lazy-semantic-trace-stage-a1-dev-v1,B2_random_bucket_routing,B2_random_bucket_routing::B7_margin_aware_multi_probe_lsh,0.05,ambiguous_only,64,0.234375,0.8125,0.96875,0.8930270822904169,0.9913878616538281,0.234375,0,0.0,38.5,40.0,0.99626875,7.880001794546843e-05,0.00012374494690448027,0.00029875199426896847,0.007660600007511675,0.007736049999948591,0.008741949964314698,0.008876389887882396
lazy-semantic-trace-stage-a1-dev-v1,B2_random_bucket_routing,B2_random_bucket_routing::B7_margin_aware_multi_probe_lsh,0.1,ambiguous_only,64,0.28125,0.75,0.96875,0.8930270822904169,0.9913878616538281,0.28125,0,0.0,39.0,40.0,0.9962984375,8.035002974793315e-05,0.00011895507341250776,0.00041161096538417014,0.007681000046432018,0.007760750071611255,0.008519269927637652,0.009187184915645045
lazy-semantic-trace-stage-a1-dev-v1,B2_random_bucket_routing,B2_random_bucket_routing::B7_margin_aware_multi_probe_lsh,0.15,ambiguous_only,64,0.1875,0.859375,1,0.9433759402071946,1.0,0.1875,0,0.0,40.0,40.0,0.99631875,7.909996202215552e-05,0.0001463349675759673,0.00024744295747950617,0.007643399992957711,0.007732749974820763,0.008775755012175066,0.00939562202547677
lazy-semantic-trace-stage-a1-dev-v1,B3_stage_a_four_table_lsh,B3_stage_a_four_table_lsh,0.0,ambiguous_only,64,0.65625,1,1,0.9433759402071946,1.0,0.65625,0.5,0.0,12.5,19.0,0.9986984375,0.00020815007155761123,0.0002715100243221966,0.0006168250273913145,0.002708849962800741,0.0029339499305933714,0.004041464941110462,0.0045958430634345845
lazy-semantic-trace-stage-a1-dev-v1,B3_stage_a_four_table_lsh,B3_stage_a_four_table_lsh,0.01,ambiguous_only,64,0.71875,1,1,0.9433759402071946,1.0,0.71875,0.46875,0.0,13.5,18.849999999999994,0.99869375,0.00020869995933026075,0.00025472496054135263,0.0006273680180311194,0.00283429998671636,0.003145200025755912,0.00430591995245777,0.004553878001170232
lazy-semantic-trace-stage-a1-dev-v1,B3_stage_a_four_table_lsh,B3_stage_a_four_table_lsh,0.03,ambiguous_only,64,0.609375,0.890625,0.90625,0.810171204003544,0.9563217474148016,0.609375,0.296875,0.0,12.5,19.69999999999999,0.99871875,0.000208350014872849,0.00035447005648165926,0.000543842045590281,0.0026826500543393195,0.0029644000460393727,0.004540684906532987,0.00510169004439376
lazy-semantic-trace-stage-a1-dev-v1,B3_stage_a_four_table_lsh,B3_stage_a_four_table_lsh,0.05,ambiguous_only,64,0.578125,0.875,0.921875,0.8298046264583709,0.9661688230914496,0.578125,0.203125,0.0,12.0,17.0,0.99881875,0.00020855007460340858,0.00027851004269905375,0.00035517005715519185,0.0026522499974817038,0.002853349957149476,0.003941270016366615,0.004927486027590924
lazy-semantic-trace-stage-a1-dev-v1,B3_stage_a_four_table_lsh,B3_stage_a_four_table_lsh,0.1,ambiguous_only,64,0.40625,0.796875,0.84375,0.7357193822745122,0.912851576617934,0.40625,0,0.0,10.0,14.849999999999994,0.9989671875,0.0002070499467663467,0.00026159001281484957,0.00045596500625833794,0.002159199968446046,0.0023718999582342803,0.0037399399967398485,0.005169410053640595
lazy-semantic-trace-stage-a1-dev-v1,B3_stage_a_four_table_lsh,B3_stage_a_four_table_lsh,0.15,ambiguous_only,64,0.375,0.875,0.90625,0.810171204003544,0.9563217474148016,0.375,0,0.0,11.0,20.399999999999977,0.998865625,0.0002089499612338841,0.000582769996253772,0.0007845029805321244,0.002353949937969446,0.0026667998754419386,0.004056145076174286,0.004717822952661662
lazy-semantic-trace-stage-a1-dev-v1,B4_a1p_multi_table_lsh,B4_a1p_multi_table_lsh,0.0,ambiguous_only,64,0.640625,1,1,0.9433759402071946,1.0,0.640625,0.5,0.0,50.0,62.0,0.994890625,0.000653300026897341,0.001171774958493188,0.0012955740606412289,0.010041199915576726,0.010672299948055297,0.013516854937188325,0.014273130008950828
lazy-semantic-trace-stage-a1-dev-v1,B4_a1p_multi_table_lsh,B4_a1p_multi_table_lsh,0.01,ambiguous_only,64,0.78125,1,1,0.9433759402071946,1.0,0.78125,0.5,0.0,51.5,62.0,0.99486875,0.0006668500136584044,0.0013279349834192542,0.0018339969986118343,0.009991450002416968,0.010802100005093962,0.014502875035395843,0.017559466946404426
lazy-semantic-trace-stage-a1-dev-v1,B4_a1p_multi_table_lsh,B4_a1p_multi_table_lsh,0.03,ambiguous_only,64,0.8125,1,1,0.9433759402071946,1.0,0.8125,0.5,0.0,50.0,62.0,0.9949703125,0.0006610500277020037,0.0011600049736443902,0.001303955033654347,0.00957280007423833,0.010376899968832731,0.012994385010097175,0.013627024991437791
lazy-semantic-trace-stage-a1-dev-v1,B4_a1p_multi_table_lsh,B4_a1p_multi_table_lsh,0.05,ambiguous_only,64,0.75,1,1,0.9433759402071946,1.0,0.75,0.328125,0.0,49.5,60.849999999999994,0.99509375,0.0006542999763041735,0.0012589949939865615,0.0013856250303797423,0.009565449960064143,0.010404700005892664,0.012724740081466731,0.013449557906715199
lazy-semantic-trace-stage-a1-dev-v1,B4_a1p_multi_table_lsh,B4_a1p_multi_table_lsh,0.1,ambiguous_only,64,0.65625,0.96875,1,0.9433759402071946,1.0,0.65625,0,0.0,50.0,63.0,0.9949734375,0.0006418499979190528,0.001163920050021261,0.0012532679841388015,0.010073699988424778,0.010726449894718826,0.014284845028305425,0.01806737795472145
lazy-semantic-trace-stage-a1-dev-v1,B4_a1p_multi_table_lsh,B4_a1p_multi_table_lsh,0.15,ambiguous_only,64,0.609375,0.9375,0.984375,0.9166589839990573,0.9972364580766624,0.609375,0,0.0,47.5,60.54999999999998,0.9951984375,0.0006564000505022705,0.001043469947762787,0.0012806909775827076,0.009414349973667413,0.010076000005938113,0.012818999949377028,0.013453780948184429
lazy-semantic-trace-stage-a1-dev-v1,B5_a1s1_multi_table_lsh,B5_a1s1_multi_table_lsh,0.0,ambiguous_only,64,0.65625,1,1,0.9433759402071946,1.0,0.65625,0.5,0.0,82.0,97.85,0.9917546875,0.0005704000359401107,0.0007155299943406134,0.001066328987944871,0.016059449990279973,0.0166274500079453,0.020223249937407668,0.0212166439788416
lazy-semantic-trace-stage-a1-dev-v1,B5_a1s1_multi_table_lsh,B5_a1s1_multi_table_lsh,0.01,ambiguous_only,64,0.78125,1,1,0.9433759402071946,1.0,0.78125,0.5,0.0,83.0,98.69999999999999,0.9917703125,0.0005703499191440642,0.0010821599746122957,0.0011474009801167992,0.01598359999479726,0.01666189997922629,0.019605924957431853,0.02084330103476531
lazy-semantic-trace-stage-a1-dev-v1,B5_a1s1_multi_table_lsh,B5_a1s1_multi_table_lsh,0.03,ambiguous_only,64,0.75,1,1,0.9433759402071946,1.0,0.75,0.484375,0.0,80.0,96.85,0.99205625,0.0005759499617852271,0.0009557900601066649,0.0011909739754628389,0.015778699947986752,0.016384449903853238,0.01960073505179025,0.020410087063210083
lazy-semantic-trace-stage-a1-dev-v1,B5_a1s1_multi_table_lsh,B5_a1s1_multi_table_lsh,0.05,ambiguous_only,64,0.71875,1,1,0.9433759402071946,1.0,0.71875,0.3125,0.0,82.5,93.85,0.9919,0.0005679500172846019,0.001107445039087906,0.0013339910306967785,0.015608600049745291,0.01625490008154884,0.019648569927085184,0.020248832957586272
lazy-semantic-trace-stage-a1-dev-v1,B5_a1s1_multi_table_lsh,B5_a1s1_multi_table_lsh,0.1,ambiguous_only,64,0.65625,0.953125,1,0.9433759402071946,1.0,0.65625,0,0.0,81.5,95.85,0.9919734375,0.000568249961361289,0.0010669699928257614,0.001224343971116468,0.015763250004965812,0.016324899974279106,0.02000761003000661,0.022108077954035243
lazy-semantic-trace-stage-a1-dev-v1,B5_a1s1_multi_table_lsh,B5_a1s1_multi_table_lsh,0.15,ambiguous_only,64,0.59375,0.921875,0.96875,0.8930270822904169,0.9913878616538281,0.59375,0,0.0,80.0,99.54999999999998,0.9920484375,0.0005718500469811261,0.0010026050382293756,0.0012773160124197598,0.015462650044355541,0.01611120003508404,0.01938877495704219,0.02100460001500323
lazy-semantic-trace-stage-a1-dev-v1,B6_a1s2_multi_table_lsh,B6_a1s2_multi_table_lsh,0.0,ambiguous_only,64,0.65625,1,1,0.9433759402071946,1.0,0.65625,0.5,0.0,30.0,43.849999999999994,0.9969109375,0.0007686499739065766,0.001298125024186447,0.0013390620122663674,0.006170100008603185,0.006964900007005781,0.009366599947679789,0.00965833303402178
lazy-semantic-trace-stage-a1-dev-v1,B6_a1s2_multi_table_lsh,B6_a1s2_multi_table_lsh,0.01,ambiguous_only,64,0.765625,1,1,0.9433759402071946,1.0,0.765625,0.5,0.0,31.5,41.0,0.996825,0.0007719499990344048,0.0012654799618758256,0.0013578369526658204,0.006308449956122786,0.007068349979817867,0.009538490039994938,0.009844503019703552
lazy-semantic-trace-stage-a1-dev-v1,B6_a1s2_multi_table_lsh,B6_a1s2_multi_table_lsh,0.03,ambiguous_only,64,0.8125,1,1,0.9433759402071946,1.0,0.8125,0.5,0.0,33.0,40.849999999999994,0.9967859375,0.0007622999837622046,0.001455470058135688,0.0015968060132581737,0.0065485500963404775,0.007295350020285696,0.009287779999431221,0.01005858996766619
lazy-semantic-trace-stage-a1-dev-v1,B6_a1s2_multi_table_lsh,B6_a1s2_multi_table_lsh,0.05,ambiguous_only,64,0.734375,0.96875,1,0.9433759402071946,1.0,0.734375,0.296875,0.0,30.0,39.0,0.99695625,0.0007754000253044069,0.0012720650236587973,0.0015031280159018927,0.006056250014808029,0.006836949964053929,0.008925019961316137,0.009359366996213793
lazy-semantic-trace-stage-a1-dev-v1,B6_a1s2_multi_table_lsh,B6_a1s2_multi_table_lsh,0.1,ambiguous_only,64,0.625,0.9375,0.984375,0.9166589839990573,0.9972364580766624,0.625,0,0.0,30.5,38.849999999999994,0.996975,0.0007750500226393342,0.001292035059304908,0.0014146230358164755,0.006224699958693236,0.006996000010985881,0.009223195037338882,0.010594979054294521
lazy-semantic-trace-stage-a1-dev-v1,B6_a1s2_multi_table_lsh,B6_a1s2_multi_table_lsh,0.15,ambiguous_only,64,0.484375,0.90625,0.984375,0.9166589839990573,0.9972364580766624,0.484375,0,0.0,27.0,37.849999999999994,0.997171875,0.0007844999781809747,0.001211599912494421,0.0013057950220536439,0.005516650038771331,0.006395699980203062,0.009011114959139376,0.00939804099849425
lazy-semantic-trace-stage-a1-dev-v1,B7_margin_aware_multi_probe_lsh,B7_margin_aware_multi_probe_lsh,0.0,ambiguous_only,64,0.65625,1,1,0.9433759402071946,1.0,0.65625,0.5,0.0,44.0,57.849999999999994,0.99551875,0.0012264999677427113,0.0018598049937281758,0.0019346449768636374,0.008930400013923645,0.010233999928459525,0.012541829945985229,0.01392826409311965
lazy-semantic-trace-stage-a1-dev-v1,B7_margin_aware_multi_probe_lsh,B7_margin_aware_multi_probe_lsh,0.01,ambiguous_only,64,0.75,1,1,0.9433759402071946,1.0,0.75,0.484375,0.0,47.0,59.0,0.995328125,0.0012280999217182398,0.0018569299892988054,0.002010422968305646,0.009452550089918077,0.010934549965895712,0.012981330032926054,0.01405397302936762
lazy-semantic-trace-stage-a1-dev-v1,B7_margin_aware_multi_probe_lsh,B7_margin_aware_multi_probe_lsh,0.03,ambiguous_only,64,0.734375,0.984375,1,0.9433759402071946,1.0,0.734375,0.46875,0.0,46.0,57.0,0.9954828125,0.0012310000602155924,0.0019389849971048533,0.002142881954787299,0.008906799950636923,0.010183400067035109,0.012909460044465958,0.013871695932466534
lazy-semantic-trace-stage-a1-dev-v1,B7_margin_aware_multi_probe_lsh,B7_margin_aware_multi_probe_lsh,0.05,ambiguous_only,64,0.671875,0.984375,1,0.9433759402071946,1.0,0.671875,0.3125,0.0,44.0,58.54999999999998,0.9956328125,0.001219149969983846,0.002032914949813857,0.002228753021918237,0.0085753999883309,0.010005999996792525,0.013221755012637004,0.017551469935569886
lazy-semantic-trace-stage-a1-dev-v1,B7_margin_aware_multi_probe_lsh,B7_margin_aware_multi_probe_lsh,0.1,ambiguous_only,64,0.625,0.953125,0.984375,0.9166589839990573,0.9972364580766624,0.625,0,0.0,40.5,52.0,0.99580625,0.0012320499517954886,0.0020407699747011063,0.0027182260109111663,0.00826214998960495,0.009796199912671,0.01211081490619108,0.013095403914339838
lazy-semantic-trace-stage-a1-dev-v1,B7_margin_aware_multi_probe_lsh,B7_margin_aware_multi_probe_lsh,0.15,ambiguous_only,64,0.5,0.875,0.96875,0.8930270822904169,0.9913878616538281,0.5,0,0.0,44.0,60.39999999999998,0.99555,0.001255250012036413,0.0019413950154557823,0.0023354660207405673,0.00864315003855154,0.0100527000031434,0.013139325077645479,0.01613454200909473
